head,author_name,author_email,date,text
–í—Ö–æ–¥ —Å –Ω–æ–≤–æ–≥–æ —É—Å—Ç—Ä–æ–π—Å—Ç–≤–∞ –≤ –∞–∫–∫–∞—É–Ω—Ç,Mail.ru,security@id.mail.ru,"–í—á–µ—Ä–∞, 20:41","–í—Ö–æ–¥ —Å –Ω–æ–≤–æ–≥–æ —É—Å—Ç—Ä–æ–π—Å—Ç–≤–∞ –≤ –∞–∫–∫–∞—É–Ω—Ç
 study.ai_172@mail.ru –≤ –∞–∫–∫–∞—É–Ω—Ç–í –∞–∫–∫–∞—É–Ω—Ç study.ai_172@mail.ru –≤–æ—à–ª–∏ —Å –Ω–æ–≤–æ–≥–æ —É—Å—Ç—Ä–æ–π—Å—Ç–≤–∞.–ï—Å–ª–∏ –≤—ã —ç—Ç–æ–≥–æ –Ω–µ –¥–µ–ª–∞–ª–∏, –∏–∑–º–µ–Ω–∏—Ç–µ –ø–∞—Ä–æ–ª—å, —á—Ç–æ–±—ã –æ–±–µ–∑–æ–ø–∞—Å–∏—Ç—å –∞–∫–∫–∞—É–Ω—Ç.–í—Ä–µ–º—è8 –∏—é–ª—è, 19:41–£—Å—Ç—Ä–æ–π—Å—Ç–≤–æ–†–æ–±–æ—Ç—ã, –†–æ–±–æ—Ç—ã, –ú–æ—Å–∫–≤–∞, –†–æ—Å—Å–∏—è–£–∑–Ω–∞–π—Ç–µ, –∫–∞–∫ –∑–∞—â–∏—Ç–∏—Ç—å –∞–∫–∫–∞—É–Ω—Ç, –Ω–∞ –Ω–∞—à–µ–º —Å–∞–π—Ç–µ –ø–æ –±–µ–∑–æ–ø–∞—Å–Ω–æ—Å—Ç–∏.–í—ã –ø–æ–ª—É—á–∏–ª–∏ —ç—Ç–æ –ø–∏—Å—å–º–æ, –ø–æ—Ç–æ–º—É —á—Ç–æ —è–≤–ª—è–µ—Ç–µ—Å—å –ø–æ–ª—å–∑–æ–≤–∞—Ç–µ–ª–µ–º Mail‚Äå.ru –Ω–∞ –æ—Å–Ω–æ–≤–∞–Ω–∏–∏ –ü–æ–ª—å–∑–æ–≤–∞—Ç–µ–ª—å—Å–∫–æ–≥–æ —Å–æ–≥–ª–∞—à–µ–Ω–∏—è.‚ÄåCopyright 2020 Mail‚Äå.ru Group, –ú–æ—Å–∫–≤–∞ ‚Äî –í—Å–µ –ø—Ä–∞–≤–∞ –∑–∞—â–∏—â–µ–Ω—ã.‚Äå–°–ª—É–∂–±–∞ –ø–æ–¥–¥–µ—Ä–∂–∫–∏      Mail ID"
–í—Ö–æ–¥ —Å –Ω–æ–≤–æ–≥–æ —É—Å—Ç—Ä–æ–π—Å—Ç–≤–∞ –≤ –∞–∫–∫–∞—É–Ω—Ç,Mail.ru,security@id.mail.ru,"–í—á–µ—Ä–∞, 20:17","–í—Ö–æ–¥ —Å –Ω–æ–≤–æ–≥–æ —É—Å—Ç—Ä–æ–π—Å—Ç–≤–∞ –≤ –∞–∫–∫–∞—É–Ω—Ç
 study.ai_172@mail.ru –≤ –∞–∫–∫–∞—É–Ω—Ç–í –∞–∫–∫–∞—É–Ω—Ç study.ai_172@mail.ru –≤–æ—à–ª–∏ —Å –Ω–æ–≤–æ–≥–æ —É—Å—Ç—Ä–æ–π—Å—Ç–≤–∞.–ï—Å–ª–∏ –≤—ã —ç—Ç–æ–≥–æ –Ω–µ –¥–µ–ª–∞–ª–∏, –∏–∑–º–µ–Ω–∏—Ç–µ –ø–∞—Ä–æ–ª—å, —á—Ç–æ–±—ã –æ–±–µ–∑–æ–ø–∞—Å–∏—Ç—å –∞–∫–∫–∞—É–Ω—Ç.–í—Ä–µ–º—è8 –∏—é–ª—è, 19:16–£—Å—Ç—Ä–æ–π—Å—Ç–≤–æ–†–æ–±–æ—Ç—ã, –†–æ–±–æ—Ç—ã, –ú–æ—Å–∫–≤–∞, –†–æ—Å—Å–∏—è–£–∑–Ω–∞–π—Ç–µ, –∫–∞–∫ –∑–∞—â–∏—Ç–∏—Ç—å –∞–∫–∫–∞—É–Ω—Ç, –Ω–∞ –Ω–∞—à–µ–º —Å–∞–π—Ç–µ –ø–æ –±–µ–∑–æ–ø–∞—Å–Ω–æ—Å—Ç–∏.–í—ã –ø–æ–ª—É—á–∏–ª–∏ —ç—Ç–æ –ø–∏—Å—å–º–æ, –ø–æ—Ç–æ–º—É —á—Ç–æ —è–≤–ª—è–µ—Ç–µ—Å—å –ø–æ–ª—å–∑–æ–≤–∞—Ç–µ–ª–µ–º Mail‚Äå.ru –Ω–∞ –æ—Å–Ω–æ–≤–∞–Ω–∏–∏ –ü–æ–ª—å–∑–æ–≤–∞—Ç–µ–ª—å—Å–∫–æ–≥–æ —Å–æ–≥–ª–∞—à–µ–Ω–∏—è.‚ÄåCopyright 2020 Mail‚Äå.ru Group, –ú–æ—Å–∫–≤–∞ ‚Äî –í—Å–µ –ø—Ä–∞–≤–∞ –∑–∞—â–∏—â–µ–Ω—ã.‚Äå–°–ª—É–∂–±–∞ –ø–æ–¥–¥–µ—Ä–∂–∫–∏      Mail ID"
–í—Ö–æ–¥ —Å –Ω–æ–≤–æ–≥–æ —É—Å—Ç—Ä–æ–π—Å—Ç–≤–∞ –≤ –∞–∫–∫–∞—É–Ω—Ç,Mail.ru,security@id.mail.ru,"–í—á–µ—Ä–∞, 20:16","–í—Ö–æ–¥ —Å –Ω–æ–≤–æ–≥–æ —É—Å—Ç—Ä–æ–π—Å—Ç–≤–∞ –≤ –∞–∫–∫–∞—É–Ω—Ç
 study.ai_172@mail.ru –≤ –∞–∫–∫–∞—É–Ω—Ç–í –∞–∫–∫–∞—É–Ω—Ç study.ai_172@mail.ru –≤–æ—à–ª–∏ —Å –Ω–æ–≤–æ–≥–æ —É—Å—Ç—Ä–æ–π—Å—Ç–≤–∞.–ï—Å–ª–∏ –≤—ã —ç—Ç–æ–≥–æ –Ω–µ –¥–µ–ª–∞–ª–∏, –∏–∑–º–µ–Ω–∏—Ç–µ –ø–∞—Ä–æ–ª—å, —á—Ç–æ–±—ã –æ–±–µ–∑–æ–ø–∞—Å–∏—Ç—å –∞–∫–∫–∞—É–Ω—Ç.–í—Ä–µ–º—è8 –∏—é–ª—è, 19:16–£—Å—Ç—Ä–æ–π—Å—Ç–≤–æ–†–æ–±–æ—Ç—ã, –†–æ–±–æ—Ç—ã, –ú–æ—Å–∫–≤–∞, –†–æ—Å—Å–∏—è–£–∑–Ω–∞–π—Ç–µ, –∫–∞–∫ –∑–∞—â–∏—Ç–∏—Ç—å –∞–∫–∫–∞—É–Ω—Ç, –Ω–∞ –Ω–∞—à–µ–º —Å–∞–π—Ç–µ –ø–æ –±–µ–∑–æ–ø–∞—Å–Ω–æ—Å—Ç–∏.–í—ã –ø–æ–ª—É—á–∏–ª–∏ —ç—Ç–æ –ø–∏—Å—å–º–æ, –ø–æ—Ç–æ–º—É —á—Ç–æ —è–≤–ª—è–µ—Ç–µ—Å—å –ø–æ–ª—å–∑–æ–≤–∞—Ç–µ–ª–µ–º Mail‚Äå.ru –Ω–∞ –æ—Å–Ω–æ–≤–∞–Ω–∏–∏ –ü–æ–ª—å–∑–æ–≤–∞—Ç–µ–ª—å—Å–∫–æ–≥–æ —Å–æ–≥–ª–∞—à–µ–Ω–∏—è.‚ÄåCopyright 2020 Mail‚Äå.ru Group, –ú–æ—Å–∫–≤–∞ ‚Äî –í—Å–µ –ø—Ä–∞–≤–∞ –∑–∞—â–∏—â–µ–Ω—ã.‚Äå–°–ª—É–∂–±–∞ –ø–æ–¥–¥–µ—Ä–∂–∫–∏      Mail ID"
–í—Ö–æ–¥ —Å –Ω–æ–≤–æ–≥–æ —É—Å—Ç—Ä–æ–π—Å—Ç–≤–∞ –≤ –∞–∫–∫–∞—É–Ω—Ç,Mail.ru,security@id.mail.ru,"–í—á–µ—Ä–∞, 20:13","–í—Ö–æ–¥ —Å –Ω–æ–≤–æ–≥–æ —É—Å—Ç—Ä–æ–π—Å—Ç–≤–∞ –≤ –∞–∫–∫–∞—É–Ω—Ç
 study.ai_172@mail.ru –≤ –∞–∫–∫–∞—É–Ω—Ç–í –∞–∫–∫–∞—É–Ω—Ç study.ai_172@mail.ru –≤–æ—à–ª–∏ —Å –Ω–æ–≤–æ–≥–æ —É—Å—Ç—Ä–æ–π—Å—Ç–≤–∞.–ï—Å–ª–∏ –≤—ã —ç—Ç–æ–≥–æ –Ω–µ –¥–µ–ª–∞–ª–∏, –∏–∑–º–µ–Ω–∏—Ç–µ –ø–∞—Ä–æ–ª—å, —á—Ç–æ–±—ã –æ–±–µ–∑–æ–ø–∞—Å–∏—Ç—å –∞–∫–∫–∞—É–Ω—Ç.–í—Ä–µ–º—è8 –∏—é–ª—è, 19:13–£—Å—Ç—Ä–æ–π—Å—Ç–≤–æ–†–æ–±–æ—Ç—ã, –†–æ–±–æ—Ç—ã, –ú–æ—Å–∫–≤–∞, –†–æ—Å—Å–∏—è–£–∑–Ω–∞–π—Ç–µ, –∫–∞–∫ –∑–∞—â–∏—Ç–∏—Ç—å –∞–∫–∫–∞—É–Ω—Ç, –Ω–∞ –Ω–∞—à–µ–º —Å–∞–π—Ç–µ –ø–æ –±–µ–∑–æ–ø–∞—Å–Ω–æ—Å—Ç–∏.–í—ã –ø–æ–ª—É—á–∏–ª–∏ —ç—Ç–æ –ø–∏—Å—å–º–æ, –ø–æ—Ç–æ–º—É —á—Ç–æ —è–≤–ª—è–µ—Ç–µ—Å—å –ø–æ–ª—å–∑–æ–≤–∞—Ç–µ–ª–µ–º Mail‚Äå.ru –Ω–∞ –æ—Å–Ω–æ–≤–∞–Ω–∏–∏ –ü–æ–ª—å–∑–æ–≤–∞—Ç–µ–ª—å—Å–∫–æ–≥–æ —Å–æ–≥–ª–∞—à–µ–Ω–∏—è.‚ÄåCopyright 2020 Mail‚Äå.ru Group, –ú–æ—Å–∫–≤–∞ ‚Äî –í—Å–µ –ø—Ä–∞–≤–∞ –∑–∞—â–∏—â–µ–Ω—ã.‚Äå–°–ª—É–∂–±–∞ –ø–æ–¥–¥–µ—Ä–∂–∫–∏      Mail ID"
–í—Ö–æ–¥ —Å –Ω–æ–≤–æ–≥–æ —É—Å—Ç—Ä–æ–π—Å—Ç–≤–∞ –≤ –∞–∫–∫–∞—É–Ω—Ç,Mail.ru,security@id.mail.ru,"–í—á–µ—Ä–∞, 16:19","–í—Ö–æ–¥ —Å –Ω–æ–≤–æ–≥–æ —É—Å—Ç—Ä–æ–π—Å—Ç–≤–∞ –≤ –∞–∫–∫–∞—É–Ω—Ç
 study.ai_172@mail.ru –≤ –∞–∫–∫–∞—É–Ω—Ç–í –∞–∫–∫–∞—É–Ω—Ç study.ai_172@mail.ru –≤–æ—à–ª–∏ —Å –Ω–æ–≤–æ–≥–æ —É—Å—Ç—Ä–æ–π—Å—Ç–≤–∞.–ï—Å–ª–∏ –≤—ã —ç—Ç–æ–≥–æ –Ω–µ –¥–µ–ª–∞–ª–∏, –∏–∑–º–µ–Ω–∏—Ç–µ –ø–∞—Ä–æ–ª—å, —á—Ç–æ–±—ã –æ–±–µ–∑–æ–ø–∞—Å–∏—Ç—å –∞–∫–∫–∞—É–Ω—Ç.–í—Ä–µ–º—è8 –∏—é–ª—è, 15:19–£—Å—Ç—Ä–æ–π—Å—Ç–≤–æUbuntu, Mozilla Firefox 78, –ú–æ—Å–∫–≤–∞, –†–æ—Å—Å–∏—è–£–∑–Ω–∞–π—Ç–µ, –∫–∞–∫ –∑–∞—â–∏—Ç–∏—Ç—å –∞–∫–∫–∞—É–Ω—Ç, –Ω–∞ –Ω–∞—à–µ–º —Å–∞–π—Ç–µ –ø–æ –±–µ–∑–æ–ø–∞—Å–Ω–æ—Å—Ç–∏.–í—ã –ø–æ–ª—É—á–∏–ª–∏ —ç—Ç–æ –ø–∏—Å—å–º–æ, –ø–æ—Ç–æ–º—É —á—Ç–æ —è–≤–ª—è–µ—Ç–µ—Å—å –ø–æ–ª—å–∑–æ–≤–∞—Ç–µ–ª–µ–º Mail‚Äå.ru –Ω–∞ –æ—Å–Ω–æ–≤–∞–Ω–∏–∏ –ü–æ–ª—å–∑–æ–≤–∞—Ç–µ–ª—å—Å–∫–æ–≥–æ —Å–æ–≥–ª–∞—à–µ–Ω–∏—è.‚ÄåCopyright 2020 Mail‚Äå.ru Group, –ú–æ—Å–∫–≤–∞ ‚Äî –í—Å–µ –ø—Ä–∞–≤–∞ –∑–∞—â–∏—â–µ–Ω—ã.‚Äå–°–ª—É–∂–±–∞ –ø–æ–¥–¥–µ—Ä–∂–∫–∏      Mail ID"
–í—Ö–æ–¥ —Å –Ω–æ–≤–æ–≥–æ —É—Å—Ç—Ä–æ–π—Å—Ç–≤–∞ –≤ –∞–∫–∫–∞—É–Ω—Ç,Mail.ru,security@id.mail.ru,"–í—á–µ—Ä–∞, 1:56","–í—Ö–æ–¥ —Å –Ω–æ–≤–æ–≥–æ —É—Å—Ç—Ä–æ–π—Å—Ç–≤–∞ –≤ –∞–∫–∫–∞—É–Ω—Ç
 study.ai_172@mail.ru –≤ –∞–∫–∫–∞—É–Ω—Ç–í –∞–∫–∫–∞—É–Ω—Ç study.ai_172@mail.ru –≤–æ—à–ª–∏ —Å –Ω–æ–≤–æ–≥–æ —É—Å—Ç—Ä–æ–π—Å—Ç–≤–∞.–ï—Å–ª–∏ –≤—ã —ç—Ç–æ–≥–æ –Ω–µ –¥–µ–ª–∞–ª–∏, –∏–∑–º–µ–Ω–∏—Ç–µ –ø–∞—Ä–æ–ª—å, —á—Ç–æ–±—ã –æ–±–µ–∑–æ–ø–∞—Å–∏—Ç—å –∞–∫–∫–∞—É–Ω—Ç.–í—Ä–µ–º—è8 –∏—é–ª—è, 00:56–£—Å—Ç—Ä–æ–π—Å—Ç–≤–æ–†–æ–±–æ—Ç—ã, –†–æ–±–æ—Ç—ã, –†–æ—Å—Ç–æ–≤-–Ω–∞-–î–æ–Ω—É, –†–æ—Å—Å–∏—è–£–∑–Ω–∞–π—Ç–µ, –∫–∞–∫ –∑–∞—â–∏—Ç–∏—Ç—å –∞–∫–∫–∞—É–Ω—Ç, –Ω–∞ –Ω–∞—à–µ–º —Å–∞–π—Ç–µ –ø–æ –±–µ–∑–æ–ø–∞—Å–Ω–æ—Å—Ç–∏.–í—ã –ø–æ–ª—É—á–∏–ª–∏ —ç—Ç–æ –ø–∏—Å—å–º–æ, –ø–æ—Ç–æ–º—É —á—Ç–æ —è–≤–ª—è–µ—Ç–µ—Å—å –ø–æ–ª—å–∑–æ–≤–∞—Ç–µ–ª–µ–º Mail‚Äå.ru –Ω–∞ –æ—Å–Ω–æ–≤–∞–Ω–∏–∏ –ü–æ–ª—å–∑–æ–≤–∞—Ç–µ–ª—å—Å–∫–æ–≥–æ —Å–æ–≥–ª–∞—à–µ–Ω–∏—è.‚ÄåCopyright 2020 Mail‚Äå.ru Group, –ú–æ—Å–∫–≤–∞ ‚Äî –í—Å–µ –ø—Ä–∞–≤–∞ –∑–∞—â–∏—â–µ–Ω—ã.‚Äå–°–ª—É–∂–±–∞ –ø–æ–¥–¥–µ—Ä–∂–∫–∏      Mail ID"
–ù–æ—á–Ω–∞—è —Ç–µ–º–∞,study ai_172,study.ai_172@mail.ru,"25 –∏—é–Ω—è, 4:56","–°–æ–Ω –¥–ª—è —Å–ª–∞–±–∞–∫–æ–≤
 --
study ai_172"
–¢–µ—Å—Ç —Ç–µ–º–∞ –∏–ª–∏ —Ç–µ–º–∞ —Ç–µ—Å—Ç,222222 222222,222222.ru@mail.ru,"22 –∏—é–Ω—è, 11:51","–û—á–µ–Ω—å –æ—á–µ–Ω—å –æ—á–µ–Ω—å –æ—á–µ–Ω—å –æ—á–µ–Ω—å –¥–ª–∏–Ω–Ω–æ–µ —Ç–µ—Å—Ç–æ–≤–æ–µ –ø–∏—Å—å–º–æ.
--
–û—Ç–ø—Ä–∞–≤–ª–µ–Ω–æ –∏–∑ Mail.ru –¥–ª—è Android"
–¢–µ—Å—Ç–æ–≤–∞—è —Ç–µ–º–∞,study ai_172,study.ai_172@mail.ru,"18 –∏—é–Ω—è, 14:22","–¢–µ–∫—Å—Ç –ø–∏—Å—å–º–∞
 --
study ai_172"
–ù–æ–≤–∞—è –ø–∞–ø–∫–∞ ¬´–ü–∏—Å—å–º–∞ —Å–µ–±–µ¬ª,–ü–æ—á—Ç–∞ Mail.ru,info@e.mail.ru,"18 –∏—é–Ω—è, 14:22","–ó–¥—Ä–∞–≤—Å—Ç–≤—É–π—Ç–µ!–í—Å—Ç—Ä–µ—á–∞–π—Ç–µ,
¬´–ü–∏—Å—å–º–∞ —Å–µ–±–µ¬ª–û—Ç–ø—Ä–∞–≤–ª—è–π—Ç–µ –≤–∞–∂–Ω–æ–µ —Å–µ–±–µ –≤ –ø–æ—á—Ç—É ‚Äî —Ç–∞–∫ –æ–Ω–æ –≤—Å–µ–≥–¥–∞ –±—É–¥–µ—Ç –≤ –±—ã—Å—Ç—Ä–æ–º –¥–æ—Å—Ç—É–ø–µ.–≤ –ø–æ—á—Ç—É ‚Äî–≤ –±—ã—Å—Ç—Ä–æ–º–ü–æ—á–µ–º—É —ç—Ç–æ —É–¥–æ–±–Ω–æ–ü–∞–ø–∫–∞ ¬´–ü–∏—Å—å–º–∞ —Å–µ–±–µ¬ª ‚Äî –∞–Ω–∞–ª–æ–≥ –∑–∞–º–µ—Ç–∫–∞–º. –û—Ç–ø—Ä–∞–≤–ª—è–π—Ç–µ —Å–µ–±–µ –≤—Å–µ, —á—Ç–æ –º–æ–∂–µ—Ç –ø—Ä–∏–≥–æ–¥–∏—Ç—å—Å—è –≤ –ª—é–±–æ–π –º–æ–º–µ–Ω—Ç:–≤ –ª—é–±–æ–πC–æ—Ö—Ä–∞–Ω—è–π—Ç–µ —Ä–∞–±–æ—á–∏–µ –¥–æ–∫—É–º–µ–Ω—Ç—ã, —á—Ç–æ–±—ã –∏–º–µ—Ç—å –∫ –Ω–∏–º –±—ã—Å—Ç—Ä—ã–π –¥–æ—Å—Ç—É–ø —Å –ª—é–±–æ–≥–æ —É—Å—Ç—Ä–æ–π—Å—Ç–≤–∞ –≤ –ª—é–±–æ–µ –≤—Ä–µ–º—è.–∫ –Ω–∏–º—Å –ª—é–±–æ–≥–æ–≤ –ª—é–±–æ–µ–°–æ—Å—Ç–∞–≤—å—Ç–µ —Å–ø–∏—Å–æ–∫ –ø—Ä–æ–¥—É–∫—Ç–æ–≤, –∫–æ—Ç–æ—Ä—ã–µ –Ω—É–∂–Ω–æ –∫—É–ø–∏—Ç—å –¥–æ–º–æ–πC–æ—Ö—Ä–∞–Ω—è–π—Ç–µ –≤–∞–∂–Ω—ã–µ —Å—Å—ã–ª–∫–∏, —á—Ç–æ–±—ã –æ–Ω–∏ –Ω–µ –ø–æ—Ç–µ—Ä—è–ª–∏—Å—å–Ω–µ –ø–æ—Ç–µ—Ä—è–ª–∏—Å—å–ë—ã—Å—Ç—Ä—ã–π –ø–æ–∏—Å–∫–í–µ—Ä–Ω—ã–π —Å–ø–æ—Å–æ–± –Ω–µ –ø–æ—Ç–µ—Ä—è—Ç—å –≤–∞–∂–Ω—É—é –∏–Ω—Ñ–æ—Ä–º–∞—Ü–∏—é ‚Äî –æ—Ç–ø—Ä–∞–≤–∏—Ç—å –µ–µ —Å–∞–º–æ–º—É —Å–µ–±–µ –≤ –ø–æ—á—Ç—É. –ü–∏—Å—å–º–∞ –≤—Å–µ–≥–¥–∞ –ø–æ–¥ —Ä—É–∫–æ–π –≤–æ –≤—Ö–æ–¥—è—â–∏—Ö –∏ –≤ —Å–ø–∏—Å–∫–µ –ø–∞–ø–æ–∫.–µ–µ —Å–∞–º–æ–º—É–≤ –ø–æ—á—Ç—É.–≤–æ –≤—Ö–æ–¥—è—â–∏—Ö–∏ –≤ —Å–ø–∏—Å–∫–µ–ö–∞–∫ –≤–∫–ª—é—á–∏—Ç—å –≥—Ä—É–ø–ø–∏—Ä–æ–≤–∫—É –ø–∏—Å–µ–º —Å–µ–±–µ1.–ù–∞–∂–º–∏—Ç–µ –∑–Ω–∞—á–æ–∫–ø–æ–¥ —Å–ø–∏—Å–∫–æ–º –ø–∞–ø–æ–∫.2.–£—Å—Ç–∞–Ω–æ–≤–∏—Ç–µ –≥–∞–ª–æ—á–∫—É ¬´–ì—Ä—É–ø–ø–∏—Ä–æ–≤–∞—Ç—å –ø–∏—Å—å–º–∞ —Å–µ–±–µ¬ª.–í–æ ¬´–í—Ö–æ–¥—è—â–∏—Ö¬ª –ø–æ—è–≤–∏—Ç—Å—è –ø–æ–¥–ø–∞–ø–∫–∞ ¬´–ü–∏—Å—å–º–∞ —Å–µ–±–µ¬ª. –í—Å–µ –ø–∏—Å—å–º–∞ –±—É–¥—É—Ç –ø–æ–ø–∞–¥–∞—Ç—å —Ç—É–¥–∞ –∞–≤—Ç–æ–º–∞—Ç–∏—á–µ—Å–∫–∏.–° –Ω–∞–∏–ª—É—á—à–∏–º–∏ –ø–æ–∂–µ–ª–∞–Ω–∏—è–º–∏, –∫–æ–º–∞–Ω–¥–∞ –ü–æ—á—Ç—ã Mail‚Äå.ruMail‚Äå.ru‚ÄåCopyright 2020 Mail‚Äå.ru Group, –ú–æ—Å–∫–≤–∞. –í—Å–µ –ø—Ä–∞–≤–∞ –∑–∞—â–∏—â–µ–Ω—ã.‚Äå"
6 (!) –ø–æ–¥–±–æ—Ä–æ–∫ –∫–Ω–∏–≥ –ø–æ IT,GeekBrains,digest@e.geekbrains.ru,"11 –∏—é–Ω—è, 16:18",P.S. –ö–∞–∫ –≤–∞–º –ø–∏—Å—å–º–æ?8-800-700-68-418-800-700-68-41
–ê–π—Ç–∏—à–Ω–∏–∫ ---> –ê–π—Ç–∏—à–Ω–∏–∫,GeekBrains,digest@e.geekbrains.ru,"9 –∏—é–Ω—è, 12:50",P.S. –ö–∞–∫ –≤–∞–º –ø–∏—Å—å–º–æ?8-800-700-68-418-800-700-68-41
–ê–π—Ç–∏—à–Ω–∏–∫ ---> –ê–π—Ç–∏—à–Ω–∏–∫,GeekBrains,digest@e.geekbrains.ru,"9 –∏—é–Ω—è, 12:22",P.S. –ö–∞–∫ –≤–∞–º –ø–∏—Å—å–º–æ?8-800-700-68-418-800-700-68-41
–ë–æ–ª—å—à–æ–π –≥–∞–π–¥ –ø–æ —è–∑—ã–∫–∞–º –ø—Ä–æ–≥—Ä–∞–º–º–∏—Ä–æ–≤–∞–Ω–∏—è,GeekBrains,digest@e.geekbrains.ru,"6 –∏—é–Ω—è, 12:01",P.S. –ö–∞–∫ –≤–∞–º –ø–∏—Å—å–º–æ?8-800-700-68-418-800-700-68-41
–ò–∑–º–µ–Ω—ë–Ω –ø–∞—Ä–æ–ª—å –≤ –∞–∫–∫–∞—É–Ω—Ç–µ,Mail.ru,security@id.mail.ru,"4 –∏—é–Ω—è, 14:13","–ò–∑–º–µ–Ω—ë–Ω –ø–∞—Ä–æ–ª—å –≤ –∞–∫–∫–∞—É–Ω—Ç–µ
 study.ai_172@mail.ru –≤ –∞–∫–∫–∞—É–Ω—Ç–µ–í –∞–∫–∫–∞—É–Ω—Ç–µ study.ai_172@mail.ru –∏–∑–º–µ–Ω–∏–ª–∏ –ø–∞—Ä–æ–ª—å.–ï—Å–ª–∏ –≤—ã —ç—Ç–æ–≥–æ –Ω–µ –¥–µ–ª–∞–ª–∏, –≤–æ—Å—Å—Ç–∞–Ω–æ–≤–∏—Ç–µ –¥–æ—Å—Ç—É–ø.–£–∑–Ω–∞–π—Ç–µ, –∫–∞–∫ –∑–∞—â–∏—Ç–∏—Ç—å –∞–∫–∫–∞—É–Ω—Ç, –Ω–∞ –Ω–∞—à–µ–º —Å–∞–π—Ç–µ –ø–æ –±–µ–∑–æ–ø–∞—Å–Ω–æ—Å—Ç–∏.–í—ã –ø–æ–ª—É—á–∏–ª–∏ —ç—Ç–æ –ø–∏—Å—å–º–æ, –ø–æ—Ç–æ–º—É —á—Ç–æ —è–≤–ª—è–µ—Ç–µ—Å—å –ø–æ–ª—å–∑–æ–≤–∞—Ç–µ–ª–µ–º Mail‚Äå.ru –Ω–∞ –æ—Å–Ω–æ–≤–∞–Ω–∏–∏ –ü–æ–ª—å–∑–æ–≤–∞—Ç–µ–ª—å—Å–∫–æ–≥–æ —Å–æ–≥–ª–∞—à–µ–Ω–∏—è.‚ÄåCopyright 2020 Mail‚Äå.ru Group, –ú–æ—Å–∫–≤–∞ ‚Äî –í—Å–µ –ø—Ä–∞–≤–∞ –∑–∞—â–∏—â–µ–Ω—ã.‚Äå–°–ª—É–∂–±–∞ –ø–æ–¥–¥–µ—Ä–∂–∫–∏       Mail ID"
–í–∞—à —è—â–∏–∫ —Ä–∞–∑–±–ª–æ–∫–∏—Ä–æ–≤–∞–Ω,–ö–æ–º–∞–Ω–¥–∞ –ü–æ—á—Ç—ã Mail.ru,welcome@corp.mail.ru,"4 –∏—é–Ω—è, 14:13","  –ó–¥—Ä–∞–≤—Å—Ç–≤—É–π—Ç–µ!
 
 
  –î–æ—Å—Ç—É–ø –∫ –≤–∞—à–µ–π –ø–æ—á—Ç–µ –≤–æ—Å—Å—Ç–∞–Ω–æ–≤–ª–µ–Ω
 
  –°–ª–µ–¥—É–π—Ç–µ –ø—Ä–æ—Å—Ç—ã–º –ø—Ä–∞–≤–∏–ª–∞–º, –∏ –≤–∞—à –ø–æ—á—Ç–æ–≤—ã–π —è—â–∏–∫ –±—É–¥–µ—Ç –≤ –±–µ–∑–æ–ø–∞—Å–Ω–æ—Å—Ç–∏.
 
 
 
 
 
   
  –ù–µ –∏—Å–ø–æ–ª—å–∑—É–π—Ç–µ –ø–∞—Ä–æ–ª—å –æ—Ç –ø–æ—á—Ç—ã –ø—Ä–∏ —Ä–µ–≥–∏—Å—Ç—Ä–∞—Ü–∏–∏ –≤ –¥—Ä—É–≥–∏—Ö —Å–µ—Ä–≤–∏—Å–∞—Ö.
 
   
 
  –ù–∏–∫–æ–≥–¥–∞ –Ω–µ –∏—Å–ø–æ–ª—å–∑—É–π—Ç–µ –ø–∞—Ä–æ–ª—å –æ—Ç –ø–æ—á—Ç—ã –ø—Ä–∏ —Ä–µ–≥–∏—Å—Ç—Ä–∞—Ü–∏–∏ –Ω–∞ —Ä–∞–∑–Ω—ã—Ö —Å–∞–π—Ç–∞—Ö, —Ç–∞–∫ –∫–∞–∫ –∑–ª–æ—É–º—ã—à–ª–µ–Ω–Ω–∏–∫–∏ –ª–µ–≥–∫–æ –º–æ–≥—É—Ç –µ–≥–æ –∑–∞–ø–æ–ª—É—á–∏—Ç—å. –ü–∞—Ä–æ–ª—å –¥–ª—è –ø–æ—á—Ç—ã –¥–æ–ª–∂–µ–Ω –±—ã—Ç—å —É–Ω–∏–∫–∞–ª—å–Ω—ã–º –∏ –∂–µ–ª–∞—Ç–µ–ª—å–Ω–æ —Å–ª–æ–∂–Ω—ã–º. –ß–µ–º –±–æ–ª—å—à–µ —Ä–∞–∑–Ω—ã—Ö –±—É–∫–≤, —Ü–∏—Ñ—Ä –∏ —Å–∏–º–≤–æ–ª–æ–≤ –≤—ã –±—É–¥–µ—Ç–µ –∏—Å–ø–æ–ª—å–∑–æ–≤–∞—Ç—å –¥–ª—è –≤–∞—à–µ–≥–æ –ø–∞—Ä–æ–ª—è –∫ –ø–æ—á—Ç–µ, —Ç–µ–º —Å–ª–æ–∂–Ω–µ–µ –µ–≥–æ –±—É–¥–µ—Ç –≤–∑–ª–æ–º–∞—Ç—å. –ï—Å–ª–∏ –≤–∞—à –ø–∞—Ä–æ–ª—å –∏—Å–ø–æ–ª—å–∑—É–µ—Ç—Å—è –≤–∞–º–∏ –Ω–∞ –¥—Ä—É–≥–∏—Ö —Å–∞–π—Ç–∞—Ö –∏–ª–∏ –æ–Ω –ø—Ä–æ—Å—Ç–æ–π ‚Äî —Å–º–µ–Ω–∏—Ç–µ –µ–≥–æ –ø—Ä—è–º–æ —Å–µ–π—á–∞—Å!
   –°–º–µ–Ω–∏—Ç—å –ø–∞—Ä–æ–ª—å 
 
 
   
   
  –ü–æ–ª—å–∑—É–π—Ç–µ—Å—å –∞–Ω–æ–Ω–∏–º–Ω—ã–º–∏ –∞–¥—Ä–µ—Å–∞–º–∏ –¥–ª—è —Ä–µ–≥–∏—Å—Ç—Ä–∞—Ü–∏–∏ –Ω–∞ —Ä–∞–∑–Ω—ã—Ö —Å–∞–π—Ç–∞—Ö.
 
   
 
  –ê–Ω–æ–Ω–∏–º–∞–π–∑–µ—Ä Mail.ru ‚Äî —Å–µ—Ä–≤–∏—Å —Å–æ–∑–¥–∞–Ω–∏—è –¥–æ–ø–æ–ª–Ω–∏—Ç–µ–ª—å–Ω—ã—Ö –ø–æ—á—Ç–æ–≤—ã—Ö —è—â–∏–∫–æ–≤. –î–∞–∂–µ –µ—Å–ª–∏ –∑–ª–æ—É–º—ã—à–ª–µ–Ω–Ω–∏–∫ —É–∫—Ä–∞–¥–µ—Ç –±–∞–∑—É –ø–æ–ª—å–∑–æ–≤–∞—Ç–µ–ª–µ–π –∏–≥—Ä—ã –∏–ª–∏ –¥—Ä—É–≥–æ–≥–æ —Å–∞–π—Ç–∞, –≤–∞—à –æ—Å–Ω–æ–≤–Ω–æ–π –ª–æ–≥–∏–Ω –∏ –ø–∞—Ä–æ–ª—å –∫ –ø–æ—á—Ç–µ –±—É–¥—É—Ç –≤ –±–µ–∑–æ–ø–∞—Å–Ω–æ—Å—Ç–∏.
   –£–∑–Ω–∞—Ç—å –ø–æ–¥—Ä–æ–±–Ω–µ–µ 
 
 
   
  –ü–æ–¥–¥–µ—Ä–∂–∏–≤–∞–π—Ç–µ –∞–∫—Ç—É–∞–ª—å–Ω—ã–º –º–æ–±–∏–ª—å–Ω—ã–π —Ç–µ–ª–µ—Ñ–æ–Ω.
 
   
 
  –° –ø–æ–º–æ—â—å—é –ø—Ä–∏–≤—è–∑–∞–Ω–Ω–æ–≥–æ –º–æ–±–∏–ª—å–Ω–æ–≥–æ —Ç–µ–ª–µ—Ñ–æ–Ω–∞ –≤—ã —Å–º–æ–∂–µ—Ç–µ –æ—á–µ–Ω—å –±—ã—Å—Ç—Ä–æ –≤–æ—Å—Å—Ç–∞–Ω–æ–≤–∏—Ç—å –¥–æ—Å—Ç—É–ø –∫ –ø–æ—á—Ç–µ –∏–ª–∏ –∑–∞–±—ã—Ç—ã–π –ø–∞—Ä–æ–ª—å, –Ω–µ –æ–±—Ä–∞—â–∞—è—Å—å –≤ —Å–ª—É–∂–±—É –ø–æ–¥–¥–µ—Ä–∂–∫–∏. –¢–µ–ª–µ—Ñ–æ–Ω –±—É–¥–µ—Ç –∏—Å–ø–æ–ª—å–∑–æ–≤–∞—Ç—å—Å—è —Ç–æ–ª—å–∫–æ –¥–ª—è –≤–æ—Å—Å—Ç–∞–Ω–æ–≤–ª–µ–Ω–∏—è –¥–æ—Å—Ç—É–ø–∞, –Ω–∏–∫–∞–∫–∏—Ö —Ä–∞—Å—Å—ã–ª–æ–∫ –≤—ã –ø–æ–ª—É—á–∞—Ç—å –Ω–µ –±—É–¥–µ—Ç–µ.
   –ê–∫—Ç—É–∞–ª–∏–∑–∏—Ä–æ–≤–∞—Ç—å –º–æ–±–∏–ª—å–Ω—ã–π —Ç–µ–ª–µ—Ñ–æ–Ω 
 
 
   
  –î–æ–≤–µ—Ä—è–π, –Ω–æ –ø—Ä–æ–≤–µ—Ä—è–π!
–£–±–µ–¥–∏—Ç–µ—Å—å, —á—Ç–æ –ø–∏—Å—å–º–æ –Ω–∞—Å—Ç–æ—è—â–µ–µ.
 
   
 
  –ï—Å–ª–∏ –≤–∞–º –ø—Ä–∏—à–ª–æ –ø–∏—Å—å–º–æ –æ—Ç –∫–æ–º–∞–Ω–¥—ã Mail.ru, –æ–±—è–∑–∞—Ç–µ–ª—å–Ω–æ –ø—Ä–æ–≤–µ—Ä—å—Ç–µ, —á—Ç–æ–±—ã –∞–¥—Ä–µ—Å –∑–∞–∫–∞–Ω—á–∏–≤–∞–ª—Å—è –Ω–∞ @corp.mail.ru, –Ω–∞–ø—Ä–∏–º–µ—Ä news@corp.mail.ru.
–û–¥–∏–Ω –∏–∑ —Å–∞–º—ã—Ö —Ä–∞—Å–ø—Ä–æ—Å—Ç—Ä–∞–Ω–µ–Ω–Ω—ã—Ö —Å–ø–æ—Å–æ–±–æ–≤ –ø–æ—Ç–µ—Ä—è—Ç—å –¥–æ—Å—Ç—É–ø –∫ –ø–æ—á—Ç–µ ‚Äî –ø–µ—Ä–µ–π—Ç–∏ –ø–æ —Å—Å—ã–ª–∫–µ –≤ —Ñ–∏—à–∏–Ω–≥–æ–≤–æ–º –ø–∏—Å—å–º–µ.
–ù–µ –ø–æ–¥–¥–∞–≤–∞–π—Ç–µ—Å—å –Ω–∞ –ø—Ä–æ–≤–æ–∫–∞—Ü–∏–∏!
 
 
   
  –ß–∏—Ç–∞–π—Ç–µ –±–æ–ª—å—à–µ –æ –±–µ–∑–æ–ø–∞—Å–Ω–æ—Å—Ç–∏
–Ω–∞ security.mail.ru
 
 
   
 
 
  –°–ª–µ–¥–∏—Ç–µ –∑–∞ –Ω–∞—à–∏–º–∏ –Ω–æ–≤–æ—Å—Ç—è–º–∏ –≤ –±–ª–æ–≥–µ –ü–æ—á—Ç—ã
–∏ —Å–æ—Ü–∏–∞–ª—å–Ω—ã—Ö —Å–µ—Ç—è—Ö:
 
   
   
  –° –Ω–∞–∏–ª—É—á—à–∏–º–∏ –ø–æ–∂–µ–ª–∞–Ω–∏—è–º–∏, –∫–æ–º–∞–Ω–¥–∞ –ü–æ—á—Ç—ã Mail.ru
 
  –û—Ç–ø–∏—Å–∞—Ç—å—Å—è –æ—Ç —Ä–∞—Å—Å—ã–ª–∫–∏  ‚Ä¢  –°–ª—É–∂–±–∞ –ø–æ–¥–¥–µ—Ä–∂–∫–∏
Mail.ru Group, –ú–æ—Å–∫–≤–∞ ‚Äî –í—Å–µ –ø—Ä–∞–≤–∞ –∑–∞—â–∏—â–µ–Ω—ã.
 
   
 
 
 "
<–ù–æ–≤—ã–π —Ñ–∞–∫—É–ª—å—Ç–µ—Ç> Data Engineering,GeekBrains,digest@e.geekbrains.ru,"4 –∏—é–Ω—è, 12:03",P.S. –ö–∞–∫ –≤–∞–º –ø–∏—Å—å–º–æ?8-800-700-68-418-800-700-68-41
<–í–µ–±–∏–Ω–∞—Ä> –ü–∏—à–µ–º –∏–≥—Ä—É (HTML + CSS + JavaScript),GeekBrains,digest@e.geekbrains.ru,"28 –º–∞—è, 12:35",P.S. –ö–∞–∫ –≤–∞–º –ø–∏—Å—å–º–æ?8-800-700-68-418-800-700-68-41
"–†–æ–¥–∏—Ç–µ–ª–∏ —Å–∫–∞–∑–∞–ª–∏, —á—Ç–æ —è –±–µ–∑—É–º–µ—Ü",GeekBrains,digest@e.geekbrains.ru,"26 –º–∞—è, 12:17",P.S. –ö–∞–∫ –≤–∞–º –ø–∏—Å—å–º–æ?8-800-700-68-418-800-700-68-41
–û –ø–∞–Ω–¥–µ–º–∏–∏,GeekBrains,digest@e.geekbrains.ru,"21 –º–∞—è, 12:24",P.S. –ö–∞–∫ –≤–∞–º –ø–∏—Å—å–º–æ?8-800-700-68-418-800-700-68-41
üî• –ë–µ—Å–ø–ª–∞—Ç–Ω—ã–µ –∏–Ω—Ç–µ–Ω—Å–∏–≤—ã,GeekBrains,digest@e.geekbrains.ru,"19 –º–∞—è, 12:16",P.S. –ö–∞–∫ –≤–∞–º –ø–∏—Å—å–º–æ?8-800-700-68-418-800-700-68-41
"–î–∂—É–Ω, –º–∏–¥–ª –∏ —Å–µ–Ω—å–æ—Ä",GeekBrains,digest@e.geekbrains.ru,"15 –º–∞—è, 12:27",P.S. –ö–∞–∫ –≤–∞–º –ø–∏—Å—å–º–æ?8-800-700-68-418-800-700-68-41
–§–∏–∑–∏–∫ ---> –ê–π—Ç–∏—à–Ω–∏—Ü–∞,GeekBrains,digest@e.geekbrains.ru,"13 –º–∞—è, 12:38",P.S. –ö–∞–∫ –≤–∞–º –ø–∏—Å—å–º–æ?8-800-700-68-418-800-700-68-41
–ù–∞–π–¥–∏—Ç–µ —Ñ–æ—Ç–æ —Å–≤–æ–∏—Ö —Ä–æ–¥–Ω—ã—Ö –≤ –∞—Ä—Ö–∏–≤–µ ¬´–õ–∏—Ü–∞ –ü–æ–±–µ–¥—ã¬ª,–ü–æ—á—Ç–∞ Mail.ru,info@e.mail.ru,"9 –º–∞—è, 5:35","–£—á–∞—Å—Ç–≤—É–π—Ç–µ –≤ –ø—Ä–æ–µ–∫—Ç–µ
¬´–õ–∏—Ü–∞ –ü–æ–±–µ–¥—ã¬ª–≤ –ø—Ä–æ–µ–∫—Ç–µ–ü–æ–±–µ–¥—ã¬ª–ú—ã —Å–æ–∑–¥–∞–µ–º –∞—Ä—Ö–∏–≤ ¬´–õ–∏—Ü–∞ –ü–æ–±–µ–¥—ã¬ª, –±–ª–∞–≥–æ–¥–∞—Ä—è –∫–æ—Ç–æ—Ä–æ–º—É –≤—ã —Å–º–æ–∂–µ—Ç–µ –Ω–∞–π—Ç–∏ —Å–≤–æ–∏—Ö —Ä–æ–¥–Ω—ã—Ö –Ω–∞ —Å—Ç–∞—Ä—ã—Ö –≤–æ–µ–Ω–Ω—ã—Ö —Ñ–æ—Ç–æ–≥—Ä–∞—Ñ–∏—è—Ö.–ú—ã —Å–æ–∑–¥–∞–µ–º¬´–õ–∏—Ü–∞ –ü–æ–±–µ–¥—ã¬ª,–≤—ã —Å–º–æ–∂–µ—Ç–µ–î–æ–±–∞–≤—å—Ç–µ –≤ –∞—Ä—Ö–∏–≤ —Å–≤–æ–∏—Ö –≥–µ—Ä–æ–µ–≤ –∏ –Ω–∞–π–¥–∏—Ç–µ –∏—Ö –Ω–µ–∏–∑–≤–µ—Å—Ç–Ω—ã–µ —Å–Ω–∏–º–∫–∏.–∏ –Ω–∞–π–¥–∏—Ç–µ–∏—Ö –Ω–µ–∏–∑–≤–µ—Å—Ç–Ω—ã–µ–ö–∞–∫ –ø—Ä–∏–Ω—è—Ç—å —É—á–∞—Å—Ç–∏–µ–ó–∞–≥—Ä—É–∑–∏—Ç–µ —Ñ–æ—Ç–æ —É—á–∞—Å—Ç–Ω–∏–∫–∞ –≤–æ–π–Ω—ã –≤ –∞—Ä—Ö–∏–≤. –ö–æ–º–ø—å—é—Ç–µ—Ä–Ω–æ–µ –∑—Ä–µ–Ω–∏–µ —Ä–∞—Å–ø–æ–∑–Ω–∞–µ—Ç –Ω–∞ —Ñ–æ—Ç–æ–≥—Ä–∞—Ñ–∏–∏ —á–µ–ª–æ–≤–µ–∫–∞ –∏ —Å—Ä–∞–≤–Ω–∏—Ç –µ–≥–æ —Å –¥—Ä—É–≥–∏–º–∏ —Å–Ω–∏–º–∫–∞–º–∏, –∫–æ—Ç–æ—Ä—ã–µ –∑–∞–≥—Ä—É–∑–∏–ª–∏ –ª—é–¥–∏.–≤ –∞—Ä—Ö–∏–≤.–Ω–∞ —Ñ–æ—Ç–æ–≥—Ä–∞—Ñ–∏–∏–∏ —Å—Ä–∞–≤–Ω–∏—Ç—Å –¥—Ä—É–≥–∏–º–∏–ï—Å–ª–∏ –±—É–¥—É—Ç —Å–æ–≤–ø–∞–¥–µ–Ω–∏—è, –≤—ã —É–≤–∏–¥–∏—Ç–µ –Ω–µ–∏–∑–≤–µ—Å—Ç–Ω—ã–µ —Å–Ω–∏–º–∫–∏ —Å–æ —Å–≤–æ–∏–º –≥–µ—Ä–æ–µ–º –∏ —Å–º–æ–∂–µ—Ç–µ —Å–≤—è–∑–∞—Ç—å—Å—è —Å –ª—é–¥—å–º–∏, –∫–æ—Ç–æ—Ä—ã–µ –∏—Ö –∑–∞–≥—Ä—É–∑–∏–ª–∏. –¢–∞–∫ –º—ã –≤–æ—Å—Å—Ç–∞–Ω–∞–≤–ª–∏–≤–∞–µ–º –Ω–µ —Ç–æ–ª—å–∫–æ –ø–∞–º—è—Ç—å, –Ω–æ –∏ —Å–≤—è–∑—å –º–µ–∂–¥—É –ª—é–¥—å–º–∏.–≤—ã —É–≤–∏–¥–∏—Ç–µ—Å–æ —Å–≤–æ–∏–º–∏ —Å–º–æ–∂–µ—Ç–µ—Å –ª—é–¥—å–º–∏,–∏—Ö –∑–∞–≥—Ä—É–∑–∏–ª–∏.–º—ã –≤–æ—Å—Å—Ç–∞–Ω–∞–≤–ª–∏–≤–∞–µ–º–Ω–µ —Ç–æ–ª—å–∫–æ–Ω–æ –∏ —Å–≤—è–∑—å–ü—Ä–∏—Å–æ–µ–¥–∏–Ω—è–π—Ç–µ—Å—å –∫ –æ–Ω–ª–∞–π–Ω-
–ø—Ä–∞–∑–¥–Ω–æ–≤–∞–Ω–∏—é –î–Ω—è –ü–æ–±–µ–¥—ã–∫ –æ–Ω–ª–∞–π–Ω-–î–Ω—è –ü–æ–±–µ–¥—ã–≠—Ç–æ—Ç –≥–æ–¥ –æ—Å–æ–±–µ–Ω–Ω—ã–π ‚Äî –ø—Ä–æ—à–ª–æ 75 –ª–µ—Ç, –∫–∞–∫ –∑–∞–∫–æ–Ω—á–∏–ª–∞—Å—å —Å–∞–º–∞—è —Å—Ç—Ä–∞—à–Ω–∞—è –≤–æ–π–Ω–∞ –≤ —Å–æ–≤—Ä–µ–º–µ–Ω–Ω–æ–π –∏—Å—Ç–æ—Ä–∏–∏. –û—Ç–ø—Ä–∞–∑–¥–Ω—É–µ–º –î–µ–Ω—å –ü–æ–±–µ–¥—ã –≤–º–µ—Å—Ç–µ:75 –ª–µ—Ç,–≤ —Å–æ–≤—Ä–µ–º–µ–Ω–Ω–æ–π#–ë–µ—Å—Å–º–µ—Ä—Ç–Ω—ã–π–ü–æ–ª–∫ –ø—Ä–æ–π–¥–µ—Ç –≤ —ç—Ç–æ–º –≥–æ–¥—É –æ–Ω–ª–∞–π–Ω, –ø—Ä–∏—Å–æ–µ–¥–∏–Ω—è–π—Ç–µ—Å—å –∏ –∑–∞–≥—Ä—É–∂–∞–π—Ç–µ —Ñ–æ—Ç–æ –≤ –û–¥–Ω–æ–∫–ª–∞—Å—Å–Ω–∏–∫–∞—Ö –∏–ª–∏ –í–ö–æ–Ω—Ç–∞–∫—Ç–µ;–≤ —ç—Ç–æ–º–∏ –∑–∞–≥—Ä—É–∂–∞–π—Ç–µ–≤ –û–¥–Ω–æ–∫–ª–∞—Å—Å–Ω–∏–∫–∞—Ö—Ä–æ–≤–Ω–æ –≤ 19:01 9 –º–∞—è –ø–æ—Å–ª–µ –ú–∏–Ω—É—Ç—ã –ú–æ–ª—á–∞–Ω–∏—è –º–æ–∂–Ω–æ –±—É–¥–µ—Ç —Å–ø–µ—Ç—å –ø–µ—Å–Ω—é #–≠—Ç–æ—Ç–î–µ–Ω—å–ü–æ–±–µ–¥—ã –≤–º–µ—Å—Ç–µ —Å –¥—Ä—É–≥–∏–º–∏, —á—Ç–æ–±—ã –æ—Ç–¥–∞—Ç—å –¥–∞–Ω—å –≤—Å–µ–º –ø–æ–≥–∏–±—à–∏–º –≥–µ—Ä–æ—è–º. –ü–æ–ª—å–∑–æ–≤–∞—Ç–µ–ª—è–º –û–¥–Ω–æ–∫–ª–∞—Å—Å–Ω–∏–∫–æ–≤ —ç—Ç–∞ –ø–µ—Å–Ω—è –±—É–¥–µ—Ç –¥–æ—Å—Ç—É–ø–Ω–∞ –≤ –ø—Ä–∏–ª–æ–∂–µ–Ω–∏–∏ OK LIVE —Å —Ñ—É–Ω–∫—Ü–∏–µ–π –∫–∞—Ä–∞–æ–∫–µ;—Å –¥—Ä—É–≥–∏–º–∏,–≤ –ø—Ä–∏–ª–æ–∂–µ–Ω–∏–∏OK LIVE—Å —Ñ—É–Ω–∫—Ü–∏–µ–π–∞ —É–∂–µ –≤ 21:50 –ª—é–¥–∏ –≤—ã–π–¥—É—Ç –∫ –æ–∫–Ω–∞–º —Å –ª—é–±—ã–º–∏ –∏—Å—Ç–æ—á–Ω–∏–∫–∞–º–∏ —Å–≤–µ—Ç–∞, —Ñ–æ–Ω–∞—Ä–∏–∫–∞–º–∏ –∏ –ª–∞–º–ø–∞–º–∏, –∏ –ø—Ä–∏—Å–æ–µ–¥–∏–Ω—è—Ç—Å—è –∫ –∞–∫—Ü–∏–∏ #–°–≤–µ—Ç–ü–æ–±–µ–¥—ã;–∫ –æ–∫–Ω–∞–º—Å –ª—é–±—ã–º–∏–∏ –ª–∞–º–ø–∞–º–∏,–∏ –ø—Ä–∏—Å–æ–µ–¥–∏–Ω—è—Ç—Å—è–∫ –∞–∫—Ü–∏–∏–≤ –∑–Ω–∞–∫ —Å–æ–ª–∏–¥–∞—Ä–Ω–æ—Å—Ç–∏ –º–æ–∂–Ω–æ –≤—ã–≤–µ—Å–∏—Ç—å —Ñ–ª–∞–≥–∏ –†–æ—Å—Å–∏–∏ –Ω–∞ –±–∞–ª–∫–æ–Ω–∞—Ö –∏ –≤ –æ–∫–Ω–∞—Ö –∏–ª–∏ –ø–æ—Å–∞–¥–∏—Ç—å –¥–µ—Ä–µ–≤–æ –≤ –≤–∞—à–µ–º –¥–∞—á–Ω–æ–º —Å–∞–¥—É –∏ –≤—ã–ª–æ–∂–∏—Ç—å –µ–≥–æ —Å —Ö–µ—à—Ç–µ–≥–æ–º #–°–∞–¥–ü–æ–±–µ–¥—ã;–Ω–∞ –±–∞–ª–∫–æ–Ω–∞—Ö–∏ –≤ –æ–∫–Ω–∞—Ö–≤ –≤–∞—à–µ–º–∏ –≤—ã–ª–æ–∂–∏—Ç—å—Å —Ö–µ—à—Ç–µ–≥–æ–º—É–∫—Ä–∞—à–µ–Ω–Ω—ã–µ –æ–∫–Ω–∞ –∏–ª–∏ –±–∞–ª–∫–æ–Ω –≤–∞—à–µ–≥–æ –¥–æ–º–∞ –≤—ã–∫–ª–∞–¥—ã–≤–∞–π—Ç–µ –≤ —Å–æ—Ü–∏–∞–ª—å–Ω—ã–µ —Å–µ—Ç–∏ —Å —Ö–µ—à—Ç–µ–≥–æ–º #–û–∫–Ω–∞_–ü–æ–±–µ–¥—ã!–ü—Ä–∏–º–∏—Ç–µ —É—á–∞—Å—Ç–∏–µ –≤ –ø—Ä–∞–∑–¥–Ω–∏—á–Ω—ã—Ö –ø—Ä–æ–µ–∫—Ç–∞—Ö –≤ –ø–∞–º—è—Ç—å –æ —Ç–µ—Ö, –∫—Ç–æ —Å—Ä–∞–∂–∞–ª—Å—è –∑–∞ –Ω–∞—à—É –†–æ–¥–∏–Ω—É!–≤ –ø—Ä–∞–∑–¥–Ω–∏—á–Ω—ã—Ö–≤ –ø–∞–º—è—Ç—å–æ —Ç–µ—Ö,–∑–∞ –Ω–∞—à—É–í–æ—Å—Å—Ç–∞–Ω–æ–≤–∏—Ç–µ —Å—Ç–∞—Ä—ã–µ —Ñ–æ—Ç–æ–¢–∞–∫–∂–µ –Ω–µ –∑–∞–±—ã–≤–∞–π—Ç–µ –æ –ø—Ä–æ–µ–∫—Ç–µ –ø—Ä–æ—à–ª–æ–≥–æ –≥–æ–¥–∞ ‚Äî —Å–µ—Ä–≤–∏—Å–µ –ø–æ —Ä–µ—Å—Ç–∞–≤—Ä–∞—Ü–∏–∏ –≤–æ–µ–Ω–Ω—ã—Ö —Ñ–æ—Ç–æ–≥—Ä–∞—Ñ–∏–π. –í–µ—Ä–Ω–∏—Ç–µ –∫ –∂–∏–∑–Ω–∏ —Ñ–æ—Ç–æ–≥—Ä–∞—Ñ–∏–∏ –≤–æ–µ–Ω–Ω—ã—Ö –ª–µ—Ç —Å –ø–æ–º–æ—â—å—é –∫–æ–º–ø—å—é—Ç–µ—Ä–Ω–æ–≥–æ –∑—Ä–µ–Ω–∏—è.–æ –ø—Ä–æ–µ–∫—Ç–µ–≥–æ–¥–∞ ‚Äî–ø–æ —Ä–µ—Å—Ç–∞–≤—Ä–∞—Ü–∏–∏–∫ –∂–∏–∑–Ω–∏—Å –ø–æ–º–æ—â—å—é–ö–æ–º–∞–Ω–¥–∞ Mail‚Äå.ruMail‚Äå.ru‚Äå–í—ã –ø–æ–ª—É—á–∏–ª–∏ —ç—Ç–æ –ø–∏—Å—å–º–æ, –ø–æ—Ç–æ–º—É —á—Ç–æ —è–≤–ª—è–µ—Ç–µ—Å—å –ø–æ–ª—å–∑–æ–≤–∞—Ç–µ–ª–µ–º –°–µ—Ä–≤–∏—Å–∞ –ü–æ—á—Ç–∞ Mail‚Äå.ru –Ω–∞ –æ—Å–Ω–æ–≤–∞–Ω–∏–∏
–ü–æ–ª—å–∑–æ–≤–∞—Ç–µ–ª—å—Å–∫–æ–≥–æ —Å–æ–≥–ª–∞—à–µ–Ω–∏—è.Mail‚Äå.ru‚Äå–Ω–∞ –æ—Å–Ω–æ–≤–∞–Ω–∏–∏Copyright 2020 Mail‚Äå.ru Group, –ú–æ—Å–∫–≤–∞ ‚Äî –í—Å–µ –ø—Ä–∞–≤–∞ –∑–∞—â–∏—â–µ–Ω—ã.‚Äå"
–Ø –Ω–µ —Ö–æ—á—É —Ä–∞–±–æ—Ç–∞—Ç—å –∏–∑ –¥–æ–º–∞,GeekBrains,digest@e.geekbrains.ru,"7 –º–∞—è, 12:26",P.S. –ö–∞–∫ –≤–∞–º –ø–∏—Å—å–º–æ?–ê —ç—Ç–æ –ø—Ä–æ—Å—Ç–æ —Å–µ–∫—Ä–µ—Ç–Ω–∞—è —Å—Å—ã–ª–∫–∞.8-800-700-68-418-800-700-68-41
–í–°–Å –æ –ø–∞—Ä–æ–ª—è—Ö üîí,GeekBrains,digest@e.geekbrains.ru,"1 –º–∞—è, 15:11",P.S. –ö–∞–∫ –≤–∞–º –ø–∏—Å—å–º–æ?8-800-700-68-418-800-700-68-41
–ò–Ω—Ç–µ—Ä–µ—Å–Ω–æ–µ,Mitich Danya,danyamitich@outlook.com,"28 –∞–ø—Ä–µ–ª—è, 22:40","–ü—Ä–∏–≤–µ—Ç.
–®–ª—é —Ç–µ–±–µ –Ω–µ—Å–∫–æ–ª—å–∫–æ –∏–Ω—Ç–µ—Ä–µ—Å–Ω—ã—Ö —Å—Å—ã–ª–æ–∫:
https://bc2.business-class.pro/
https://www.netflixprize.com/rules.html
https://neurondata.ru/SJqXpe8vH
—É—Å–ø–µ—Ö–æ–≤ –≤ —É—á–µ–±–µ!
  –° —É–≤–∞–∂–µ–Ω–∏–µ–º,
–î"
<–ù–æ–≤—ã–π –∫—É—Ä—Å> –ú–∞—à–∏–Ω–Ω–æ–µ –æ–±—É—á–µ–Ω–∏–µ,GeekBrains,digest@e.geekbrains.ru,"28 –∞–ø—Ä–µ–ª—è, 16:17","–û–∫, –¥–∞–≤–∞–π—Ç–µ –ø–æ–¥—Ä–æ–±–Ω–æ—Å—Ç–∏–ê —á—Ç–æ –¥–∞—Å—Ç –∫—É—Ä—Å?P.S. –ö–∞–∫ –≤–∞–º –ø–∏—Å—å–º–æ?8-800-700-68-418-800-700-68-41"
<–ö—É—Ä—Å—ã —Ñ—Ä–∏–ª–∞–Ω—Å–∞> –ó–∞–∫–∞–∑—ã —É–∂–µ —á–µ—Ä–µ–∑ 2 –º–µ—Å—è—Ü–∞,GeekBrains,digest@e.geekbrains.ru,"25 –∞–ø—Ä–µ–ª—è, 12:30",P.S. –ö–∞–∫ –≤–∞–º –ø–∏—Å—å–º–æ?8-800-700-68-418-800-700-68-41
–†–∞—Å—Ç–∏ –±–æ–ª—å—à–µ –Ω–µ–∫—É–¥–∞,GeekBrains,digest@e.geekbrains.ru,"23 –∞–ø—Ä–µ–ª—è, 12:19",P.S. –ö–∞–∫ –≤–∞–º –ø–∏—Å—å–º–æ?8-800-700-68-418-800-700-68-41
"–ß—Ç–æ –¥–µ–ª–∞—Ç—å, –µ—Å–ª–∏ –Ω–∞ —Å–æ–±–µ—Å–µ–¥–æ–≤–∞–Ω–∏–∏ —Å–ø—Ä–∞—à–∏–≤–∞—é—Ç –Ω–µ –æ –∫–æ–¥–µ",GeekBrains,digest@e.geekbrains.ru,"21 –∞–ø—Ä–µ–ª—è, 12:25",P.S. –ö–∞–∫ –≤–∞–º –ø–∏—Å—å–º–æ?8-800-700-68-418-800-700-68-41
–ö–∞–∫ –∑–∞—â–∏—Ç–∏—Ç—å—Å—è –æ—Ç DDoS –±–µ—Å–ø–ª–∞—Ç–Ω–æ,GeekBrains,digest@e.geekbrains.ru,"18 –∞–ø—Ä–µ–ª—è, 16:08",P.S. –ö–∞–∫ –≤–∞–º –ø–∏—Å—å–º–æ?8-800-700-68-418-800-700-68-41
–ö–∞–∫ –±–µ—Å–ø–ª–∞—Ç–Ω–æ –∑–∞—â–∏—Ç–∏—Ç—å —Å–µ—Ä–≤–µ—Ä –æ—Ç DDoS,GeekBrains,digest@e.geekbrains.ru,"16 –∞–ø—Ä–µ–ª—è, 13:46",P.S. –ö–∞–∫ –≤–∞–º –ø–∏—Å—å–º–æ?8-800-700-68-418-800-700-68-41
–ö—É—Ä—Å Python –∑–∞ 10 000 —Ä—É–±–ª–µ–π,GeekBrains,digest@e.geekbrains.ru,"15 –∞–ø—Ä–µ–ª—è, 12:15",–ê —Ç–µ–ø–µ—Ä—å –ø–æ–¥—Ä–æ–±–Ω–æ—Å—Ç–∏3 —Ñ–∏—à–∫–∏ –∫—É—Ä—Å–∞–û–ø–µ—Ä–∞—Ç–∏–≤–Ω–∞—è –æ–±—Ä–∞—Ç–Ω–∞—è —Å–≤—è–∑—å –æ—Ç –Ω–∞—Å—Ç–∞–≤–Ω–∏–∫–æ–≤.–ü–æ–¥—Ä–æ–±–Ω—ã–π –æ–±–∑–æ—Ä –∏–Ω—Å—Ç—Ä—É–º–µ–Ω—Ç–æ–≤ –∏ –±–∏–±–ª–∏–æ—Ç–µ–∫.–î–æ–º–∞—à–Ω–∏–µ –∑–∞–¥–∞–Ω–∏—è (–≤—Å–µ –ø—Ä–æ–≤–µ—Ä—è–µ—Ç –ø—Ä–µ–ø–æ–¥–∞–≤–∞—Ç–µ–ª—å).–ß—Ç–æ –¥–∞–ª—å—à–µ?P.S. –ö–∞–∫ –≤–∞–º –ø–∏—Å—å–º–æ?8-800-700-68-418-800-700-68-41
–•–æ—Ä–æ—à–∏–µ –Ω–æ–≤–æ—Å—Ç–∏,GeekBrains,digest@e.geekbrains.ru,"14 –∞–ø—Ä–µ–ª—è, 12:25",–ù—É –∫–∞–∫ –≤–∞–º –ø–∏—Å—å–º–æ?8-800-700-68-418-800-700-68-41
–ö–∞–∫ –∑–∞–≤–∞–ª–∏—Ç—å —Å–æ–±–µ—Å–µ–¥–æ–≤–∞–Ω–∏–µ,GeekBrains,digest@e.geekbrains.ru,"9 –∞–ø—Ä–µ–ª—è, 12:36",–ü—Ä–∏–≤–µ—Ç!üòé –ö–∞–∫ –ù–ï —É—Å—Ç—Ä–æ–∏—Ç—å—Å—è –Ω–∞ —Ä–∞–±–æ—Ç—É‚öî –ö–∞–∫ –±–æ—Ä–æ—Ç—å—Å—è —Å —Ç–µ—Ö–Ω–∏—á–µ—Å–∫–∏–º –¥–æ–ª–≥–æ–º‚òï –¢–µ–∫—Å—Ç–æ–≤—ã–µ —Ä–µ–¥–∞–∫—Ç–æ—Ä—ã –¥–ª—è Java –∏ GoP.S. –ö–∞–∫ –≤–∞–º –ø–∏—Å—å–º–æ?8-800-700-68-418-800-700-68-41
–í—Å–µ –æ–± —É–¥–∞–ª–µ–Ω–∫–µ,GeekBrains,digest@e.geekbrains.ru,"7 –∞–ø—Ä–µ–ª—è, 12:53",–ö–∞–∫ —Å—Ç–∞—Ç—å —Ñ—Ä–∏–ª–∞–Ω—Å–µ—Ä–æ–º –∏ –ø–æ–ª—É—á–∏—Ç—å –ø–µ—Ä–≤—ã–µ –∑–∞–∫–∞–∑—ã–ö–∞–∫ –≤—ã–±—Ä–∞—Ç—å –Ω–æ–≤—É—é –ø—Ä–æ—Ñ–µ—Å—Å–∏—é –∏ –∑–∞—Ä–∞–±–∞—Ç—ã–≤–∞—Ç—å –æ–Ω–ª–∞–π–Ω–ö–∞–∫ –æ—Ä–≥–∞–Ω–∏–∑–æ–≤–∞—Ç—å —Å–µ–±—è –∏ –∫–æ–º–∞–Ω–¥—É –Ω–∞ —É–¥–∞–ª–µ–Ω–∫–µ –∏ –¥–æ—Å—Ç–∏–≥–∞—Ç—å KPIP.S. –ö–∞–∫ –≤–∞–º –ø–∏—Å—å–º–æ?8-800-700-68-418-800-700-68-41
–ö–Ω–∏–≥–∏ –ø–æ –º–∞—à–∏–Ω–Ω–æ–º—É –æ–±—É—á–µ–Ω–∏—é –¥–ª—è –Ω–æ–≤–∏—á–∫–æ–≤,GeekBrains,digest@e.geekbrains.ru,"3 –∞–ø—Ä–µ–ª—è, 13:30",P.S. –ö–∞–∫ –≤–∞–º –ø–∏—Å—å–º–æ?8-800-700-68-418-800-700-68-41
‚ö°‚ö°‚ö° –ù–æ–≤—ã–π —Ñ–∞–∫—É–ª—å—Ç–µ—Ç!,GeekBrains,digest@e.geekbrains.ru,"1 –∞–ø—Ä–µ–ª—è, 17:00","–ì–µ–Ω–µ—Ä–∏—Ä–æ–≤–∞—Ç—å –∏–¥–µ–∏ –∏ –∫—Ä–µ–∞—Ç–∏–≤–∏—Ç—å –Ω–∞ –∫–∞–∫–æ–º-—Ç–æ –∫–æ—Å–º–∏—á–µ—Å–∫–æ–º —É—Ä–æ–≤–Ω–µ.–í—ã–±–∏—Ä–∞—Ç—å –ø—Ä–∞–≤–∏–ª—å–Ω—ã–µ –º–∞—Ç–µ—Ä–∏–∞–ª—ã: —à–µ—Ä—Å—Ç—å, –±–∏—Å–µ—Ä, –¥–µ—Ä–µ–≤–æ, —Ñ–∞–Ω–µ—Ä—É, –æ—Ä–≥–∞–ª–∏—Ç –∏ —Ç–∞–∫ –¥–∞–ª–µ–µ.–°–æ–∑–¥–∞–≤–∞—Ç—å –≤–æ–ª—à–µ–±–Ω—ã–µ –≤–µ—â–∏ –∏ –±–ª–∏—Å—Ç–∞—Ç—å –Ω–∞ —è—Ä–º–∞—Ä–∫–∞—Ö (–≤–∫–ª—é—á–∞—è –º—É–Ω–∏—Ü–∏–ø–∞–ª—å–Ω—ã–µ).–ú–∞—Ä–∫–µ—Ç–æ–ª–æ–≥–∞–º ‚Äî –º–∞—Å—Ç–µ—Ä–∏—Ç—å ¬´–∂–∏–≤–æ–π¬ª –∫–æ–Ω—Ç–µ–Ω—Ç –¥–ª—è –ø—Ä–æ–¥–≤–∏–∂–µ–Ω–∏—è –±—Ä–µ–Ω–¥–æ–≤.–£–ø—Ä–∞–≤–ª–µ–Ω—Ü–∞–º ‚Äî –¥–µ–ª–∞—Ç—å –ø–æ–¥–∞—Ä–∫–∏ –∫–æ–ª–ª–µ–≥–∞–º –∏ –ø–æ–¥–¥–µ—Ä–∂–∏–≤–∞—Ç—å –¥—Ä—É–∂–µ–ª—é–±–Ω—É—é –∞—Ç–º–æ—Å—Ñ–µ—Ä—É –≤ –∫–æ–ª–ª–µ–∫—Ç–∏–≤–µ.–ü—Ä–æ–≥—Ä–∞–º–º–∏—Å—Ç–∞–º ‚Äî —Ä–∞–∑–≤–∏—Ç—å –¥–æ–ø–æ–ª–Ω–∏—Ç–µ–ª—å–Ω—ã–µ –∑–æ–Ω—ã –º–æ–∑–≥–∞ –∏ —É—á–∏—Ç—å—Å—è —Ç–≤–æ—Ä—á–µ—Å–∫–∏ –ø–æ–¥—Ö–æ–¥–∏—Ç—å –∫ –∑–∞–¥–∞—á–∞–º.–î–∏–∑–∞–π–Ω–µ—Ä–∞–º ‚Äî –ø–æ–ª—É—á–∏—Ç—å –¥–æ–ø–æ–ª–Ω–∏—Ç–µ–ª—å–Ω—ã–µ –∑–Ω–∞–Ω–∏—è –ø–æ –∫–æ–º–ø–æ–∑–∏—Ü–∏–∏.–ü—Ä–µ–¥–ø—Ä–∏–Ω–∏–º–∞—Ç–µ–ª—è–º ‚Äî –ø—Ä–∏–¥—É–º–∞—Ç—å –Ω–æ–≤—ã–π –±–∏–∑–Ω–µ—Å —Å –º–∏–ª–ª–∏–∞—Ä–¥–Ω—ã–º–∏ –æ–±–æ—Ä–æ—Ç–∞–º–∏.P.S. –ö–∞–∫ –≤–∞–º –ø–∏—Å—å–º–æ?8-800-700-68-418-800-700-68-41"
–ü–æ–∑–¥—Ä–∞–≤–ª—è–µ–º —Å –¥–Ω—ë–º —Ä–æ–∂–¥–µ–Ω–∏—è!,–ü–æ—á—Ç–∞ Mail.ru,team@e.mail.ru,"1 –∞–ø—Ä–µ–ª—è, 10:24","–î–æ–±—Ä—ã–π –¥–µ–Ω—å!–ü–æ–∑–¥—Ä–∞–≤–ª—è–µ–º —Å –¥–Ω—ë–º —Ä–æ–∂–¥–µ–Ω–∏—è!—Å –¥–Ω—ë–º —Ä–æ–∂–¥–µ–Ω–∏—è!–í—ã –Ω–∞–≤–µ—Ä–Ω—è–∫–∞ –∑–Ω–∞–µ—Ç–µ, –∫–∞–∫ –ø—Ä–æ–π–¥–µ—Ç —ç—Ç–æ—Ç –¥–µ–Ω—å, –Ω–æ —É –Ω–∞—Å –µ—Å—Ç—å –µ—â—ë –Ω–µ—Å–∫–æ–ª—å–∫–æ –∏–¥–µ–π. –û–Ω–∏ –ø–æ—Ä–∞–¥—É—é—Ç –≤–∞—Å –∏ —Å–¥–µ–ª–∞—é—Ç —ç—Ç–æ—Ç –¥–µ–Ω—å –æ—Å–æ–±–µ–Ω–Ω—ã–º.–í–´–ë–ï–†–ò–¢–ï –°–ï–ë–ï –ü–û–î–ê–†–û–ö–í–´–ë–ï–†–ò–¢–ï –°–ï–ë–ï –ü–û–î–ê–†–û–ö –ú—ã –ø–æ–¥–≥–æ—Ç–æ–≤–∏–ª–∏ –¥–ª—è –≤–∞—Å –Ω–µ—Å–∫–æ–ª—å–∫–æ —Å–∫–∏–¥–æ–∫ –æ—Ç –Ω–∞—à–∏—Ö –¥—Ä—É–∑–µ–π. –ü–æ—Ä–∞–¥—É–π—Ç–µ —Å–µ–±—è –ø–æ–¥–∞—Ä–∫–æ–º, —Å–µ–≥–æ–¥–Ω—è –º–æ–∂–Ω–æ. –í—ã–±–∏—Ä–∞–π—Ç–µ –ª—é–±–æ–π ‚Äî –æ–¥–∏–Ω –∏–ª–∏ –Ω–µ—Å–∫–æ–ª—å–∫–æ.–ú—ã –ø–æ–¥–≥–æ—Ç–æ–≤–∏–ª–∏ –¥–ª—è –≤–∞—Å –Ω–µ—Å–∫–æ–ª—å–∫–æ —Å–∫–∏–¥–æ–∫ –æ—Ç –Ω–∞—à–∏—Ö –¥—Ä—É–∑–µ–π. –ü–æ—Ä–∞–¥—É–π—Ç–µ —Å–µ–±—è –ø–æ–¥–∞—Ä–∫–æ–º, —Å–µ–≥–æ–¥–Ω—è –º–æ–∂–Ω–æ. –í—ã–±–∏—Ä–∞–π—Ç–µ –ª—é–±–æ–π ‚Äî –æ–¥–∏–Ω –∏–ª–∏ –Ω–µ—Å–∫–æ–ª—å–∫–æ.–°–û–•–†–ê–ù–ò–¢–ï –ü–ê–ú–Ø–¢–ù–´–ï –ú–û–ú–ï–ù–¢–´–°–û–•–†–ê–ù–ò–¢–ï –ü–ê–ú–Ø–¢–ù–´–ï –ú–û–ú–ï–ù–¢–´ –ß—Ç–æ–±—ã —ç—Ç–æ—Ç –¥–µ–Ω—å –æ—Å—Ç–∞–ª—Å—è –≤ –ø–∞–º—è—Ç–∏, –¥–∞—Ä–∏–º –≥–∏–≥–∞–±–∞–π—Ç—ã –Ω–∞ –º–µ—Å—è—Ü –¥–ª—è –≤–∞—à–µ–≥–æ –û–±–ª–∞–∫–∞. –°–æ—Ö—Ä–∞–Ω–∏—Ç–µ —Ç–∞–º —Ñ–æ—Ç–æ–≥—Ä–∞—Ñ–∏–∏ —Å –ø—Ä–∞–∑–¥–Ω–∏–∫–∞, –∏ –æ–Ω–∏ –Ω–∏–∫–æ–≥–¥–∞ –Ω–µ –ø–æ—Ç–µ—Ä—è—é—Ç—Å—è.–ß—Ç–æ–±—ã —ç—Ç–æ—Ç –¥–µ–Ω—å –æ—Å—Ç–∞–ª—Å—è –≤ –ø–∞–º—è—Ç–∏, –¥–∞—Ä–∏–º –≥–∏–≥–∞–±–∞–π—Ç—ã –Ω–∞ –º–µ—Å—è—Ü –¥–ª—è –≤–∞—à–µ–≥–æ –û–±–ª–∞–∫–∞. –°–æ—Ö—Ä–∞–Ω–∏—Ç–µ —Ç–∞–º —Ñ–æ—Ç–æ–≥—Ä–∞—Ñ–∏–∏ —Å –ø—Ä–∞–∑–¥–Ω–∏–∫–∞, –∏ –æ–Ω–∏ –Ω–∏–∫–æ–≥–¥–∞ –Ω–µ –ø–æ—Ç–µ—Ä—è—é—Ç—Å—è.–ü–†–û–í–ï–î–ò–¢–ï –î–û–ë–†–´–ô –î–ï–ù–¨–ü–†–û–í–ï–î–ò–¢–ï –î–û–ë–†–´–ô –î–ï–ù–¨ –ü–æ–ø—Ä–æ—Å–∏—Ç–µ –±–ª–∏–∑–∫–∏—Ö –ø–æ–∑–¥—Ä–∞–≤–∏—Ç—å –≤–∞—Å –¥–æ–±—Ä—ã–º –¥–µ–ª–æ–º ‚Äî –ø–æ–∂–µ—Ä—Ç–≤–æ–≤–∞–Ω–∏—è–º–∏ –Ω–∞ –±–ª–∞–≥–æ—Ç–≤–æ—Ä–∏—Ç–µ–ª—å–Ω—ã–µ –ø—Ä–æ–µ–∫—Ç—ã. –°–¥–µ–ª–∞–π—Ç–µ –≤–∞—à –¥–µ–Ω—å –æ—Å–æ–±–µ–Ω–Ω—ã–º.–ü–æ–ø—Ä–æ—Å–∏—Ç–µ –±–ª–∏–∑–∫–∏—Ö –ø–æ–∑–¥—Ä–∞–≤–∏—Ç—å –≤–∞—Å –¥–æ–±—Ä—ã–º –¥–µ–ª–æ–º ‚Äî –ø–æ–∂–µ—Ä—Ç–≤–æ–≤–∞–Ω–∏—è–º–∏ –Ω–∞ –±–ª–∞–≥–æ—Ç–≤–æ—Ä–∏—Ç–µ–ª—å–Ω—ã–µ –ø—Ä–æ–µ–∫—Ç—ã. –°–¥–µ–ª–∞–π—Ç–µ –≤–∞—à –¥–µ–Ω—å –æ—Å–æ–±–µ–Ω–Ω—ã–º.–†–∞–¥—É–π—Ç–µ—Å—å –∫–∞–∂–¥—ã–π –¥–µ–Ω—å –∏ –æ—Ç–∫—Ä—ã–≤–∞–π—Ç–µ —á—Ç–æ-—Ç–æ –Ω–æ–≤–æ–µ!–°–ª–µ–¥–∏—Ç–µ –∑–∞ –Ω–∞—à–∏–º–∏ –Ω–æ–≤–æ—Å—Ç—è–º–∏ –≤ –±–ª–æ–≥–µ –ü–æ—á—Ç—ã –∏ —Å–æ—Ü–∏–∞–ª—å–Ω—ã—Ö —Å–µ—Ç—è—Ö:–∏ —Å–æ—Ü–∏–∞–ª—å–Ω—ã—Ö–° –Ω–∞–∏–ª—É—á—à–∏–º–∏ –ø–æ–∂–µ–ª–∞–Ω–∏—è–º–∏, –∫–æ–º–∞–Ω–¥–∞ –ü–æ—á—Ç—ã Mail.RuCopyright 2020 Mail.Ru Group, –ú–æ—Å–∫–≤–∞. –í—Å–µ –ø—Ä–∞–≤–∞ –∑–∞—â–∏—â–µ–Ω—ã."
13 –æ—à–∏–±–æ–∫ –ø—Ä–æ–≥—Ä–∞–º–º–∏—Å—Ç–∞-–Ω–æ–≤–∏—á–∫–∞,GeekBrains,digest@e.geekbrains.ru,"26 –º–∞—Ä—Ç–∞, 12:31",P.S. –ö–∞–∫ –≤–∞–º –ø–∏—Å—å–º–æ?8-800-700-68-418-800-700-68-41
–°–Ω–∏–∂–∞–µ–º —Ü–µ–Ω—ã (–ø–æ–∫–∞ –∫–∞—Ä–∞–Ω—Ç–∏–Ω),GeekBrains,digest@e.geekbrains.ru,"24 –º–∞—Ä—Ç–∞, 12:38",P.S. –ö–∞–∫ –≤–∞–º –ø–∏—Å—å–º–æ?8-800-700-68-418-800-700-68-41
–ü–∏—Å—å–º–æ –æ—Ç –≥–µ–Ω–¥–∏—Ä–∞ GeekBrains,–ì–µ–Ω–¥–∏—Ä GeekBrains,gendir@e.geekbrains.ru,"21 –º–∞—Ä—Ç–∞, 16:21",8-800-700-68-418-800-700-68-41
–ö–∞-—Ä–∞–Ω-—Ç–∏–Ω,GeekBrains,digest@e.geekbrains.ru,"19 –º–∞—Ä—Ç–∞, 12:16","–ë–µ—Å–ø–ª–∞—Ç–Ω—ã–π –≤–µ–±–∏–Ω–∞—Ä–°–±, 21 –º–∞—Ä—Ç–∞, 15:00 MSK–ö–∞–∫ –æ—Ä–≥–∞–Ω–∏–∑–æ–≤–∞—Ç—å —Ä–∞–±–æ—Ç—É –∫–æ–º–∞–Ω–¥—ã –Ω–∞ —É–¥–∞–ª—ë–Ω–∫–µP.S. –ö–∞–∫ –≤–∞–º –ø–∏—Å—å–º–æ?8-800-700-68-418-800-700-68-41"
<–ò–Ω—Å—Ç—Ä—É–∫—Ü–∏—è> –°–æ–∑–¥–∞–µ–º –ø—Ä–∏–ª–æ–∂–µ–Ω–∏–µ –Ω–∞ Android,GeekBrains,digest@e.geekbrains.ru,"17 –º–∞—Ä—Ç–∞, 16:21",P.S. –ö–∞–∫ –≤–∞–º –ø–∏—Å—å–º–æ?8-800-700-68-418-800-700-68-41
10 YouTube-–∫–∞–Ω–∞–ª–æ–≤ –¥–ª—è –≤–µ–±-—Ä–∞–∑—Ä–∞–±–æ—Ç—á–∏–∫–æ–≤,GeekBrains,digest@e.geekbrains.ru,"12 –º–∞—Ä—Ç–∞, 13:30",P.S. –ö–∞–∫ –≤–∞–º –ø–∏—Å—å–º–æ?8-800-700-68-418-800-700-68-41
–ü–æ—á–∏—Å—Ç–∏—Ç–µ —Å–≤–æ–π —è—â–∏–∫ –æ—Ç —Ä–∞—Å—Å—ã–ª–æ–∫,–ü–æ—á—Ç–∞ Mail.ru,info@e.mail.ru,"10 –º–∞—Ä—Ç–∞, 16:46","–ó–¥—Ä–∞–≤—Å—Ç–≤—É–π—Ç–µ!–ú–Ω–æ–≥–æ –Ω–µ–Ω—É–∂–Ω—ã—Ö –ø–∏—Å–µ–º –≤ —è—â–∏–∫–µ?–≤ —è—â–∏–∫–µ?–ò–∑–±–∞–≤—å—Ç–µ—Å—å –æ—Ç –Ω–∏—Ö –≤ –æ–¥–∏–Ω –∫–ª–∏–∫–æ—Ç –Ω–∏—Ö–≤ –æ–¥–∏–Ω –∫–ª–∏–∫–í–∞—à–∏ —Ä–∞—Å—Å—ã–ª–∫–∏ –Ω–∞ –æ–¥–Ω–æ–π —Å—Ç—Ä–∞–Ω–∏—Ü–µ–Ω–∞ –æ–¥–Ω–æ–π–¢–µ–ø–µ—Ä—å –≤—Å–µ –≤–∞—à–∏ –ø–æ–¥–ø–∏—Å–∫–∏ –Ω–∞—Ö–æ–¥—è—Ç—Å—è –Ω–∞ –æ–¥–Ω–æ–π —Å—Ç—Ä–∞–Ω–∏—Ü–µ. –ï—Å–ª–∏ –≤—ã –±–æ–ª—å—à–µ –Ω–µ —Ö–æ—Ç–∏—Ç–µ –ø–æ–ª—É—á–∞—Ç—å –ø–∏—Å—å–º–∞ –æ—Ç –Ω–µ–∫–æ—Ç–æ—Ä—ã—Ö –∫–æ–º–ø–∞–Ω–∏–π, –æ—Ç–ø–∏—à–∏—Ç–µ—Å—å –æ—Ç –Ω–∏—Ö –≤ –æ–¥–Ω–æ –Ω–∞–∂–∞—Ç–∏–µ.
–ß—Ç–æ–±—ã –ø–µ—Ä–µ–π—Ç–∏ –≤ —Ä–∞–∑–¥–µ–ª, –ø–æ–¥ —Å–ø–∏—Å–∫–æ–º –ø–∞–ø–æ–∫ –Ω–∞–∂–º–∏—Ç–µ –Ω–∞  ‚Üí ¬´–£–ø—Ä–∞–≤–ª–µ–Ω–∏–µ —Ä–∞—Å—Å—ã–ª–∫–∞–º–∏¬ª.–Ω–∞ –æ–¥–Ω–æ–π–≤—ã –±–æ–ª—å—à–µ–Ω–µ —Ö–æ—Ç–∏—Ç–µ–æ—Ç –Ω–µ–∫–æ—Ç–æ—Ä—ã—Ö–æ—Ç –Ω–∏—Ö–≤ –æ–¥–Ω–æ–Ω–∞  ‚Üí ¬´–£–ø—Ä–∞–≤–ª–µ–Ω–∏–µ–ö–ê–ö
–û–¢–ü–ò–°–´–í–ê–õ–ò–°–¨
–†–ê–ù–¨–®–ï:1.–ù–∞–π—Ç–∏ —Ä–∞—Å—Å—ã–ª–∫—É.2.–ü–µ—Ä–µ–π—Ç–∏ –Ω–∞ —Å–∞–π—Ç.–Ω–∞ —Å–∞–π—Ç.3.–í—Å–ø–æ–º–Ω–∏—Ç—å –ª–æ–≥–∏–Ω –∏ –ø–∞—Ä–æ–ª—å.–∏ –ø–∞—Ä–æ–ª—å.4.–ù–∞–π—Ç–∏ –≤ –Ω–∞—Å—Ç—Ä–æ–π–∫–∞—Ö –Ω—É–∂–Ω—É—é –≥–∞–ª–æ—á–∫—É.–Ω—É–∂–Ω—É—é –≥–∞–ª–æ—á–∫—É.5.–°–æ—Ö—Ä–∞–Ω–∏—Ç—å –∏–∑–º–µ–Ω–µ–Ω–∏—è.–ö–ê–ö
–û–¢–ü–ò–°–´–í–ê–¢–¨–°–Ø
–°–ï–ô–ß–ê–°:1.–ù–∞–∂–∞—Ç—å  ‚Üí ¬´–£–ø—Ä–∞–≤–ª–µ–Ω–∏–µ —Ä–∞—Å—Å—ã–ª–∫–∞–º–∏¬ª.2.–ù–∞–∂–∞—Ç—å ¬´–û—Ç–ø–∏—Å–∞—Ç—å—Å—è¬ª.–ö—Ä–æ–º–µ —ç—Ç–æ–≥–æ –≤—ã –º–æ–∂–µ—Ç–µ —É–≤–∏–¥–µ—Ç—å, —Å–∫–æ–ª—å–∫–æ –ø–∏—Å–µ–º –æ—Ç —Ä–∞–∑–Ω—ã—Ö —Å–∞–π—Ç–æ–≤ —É–∂–µ —Ö—Ä–∞–Ω–∏—Ç—Å—è –≤ –≤–∞—à–µ–π –ø–æ—á—Ç–µ –∏ —É–¥–∞–ª–∏—Ç—å –∏—Ö, –µ—Å–ª–∏ –æ–Ω–∏ –±–æ–ª—å—à–µ –≤–∞–º –Ω–µ –Ω—É–∂–Ω—ã.–≤—ã –º–æ–∂–µ—Ç–µ—É–≤–∏–¥–µ—Ç—å, —Å–∫–æ–ª—å–∫–æ –ø–∏—Å–µ–º –æ—Ç —Ä–∞–∑–Ω—ã—Ö —Å–∞–π—Ç–æ–≤ —É–∂–µ —Ö—Ä–∞–Ω–∏—Ç—Å—è –≤ –≤–∞—à–µ–π –ø–æ—á—Ç–µ –∏ —É–¥–∞–ª–∏—Ç—å –∏—Ö–æ—Ç —Ä–∞–∑–Ω—ã—Ö–≤ –≤–∞—à–µ–π–∏ —É–¥–∞–ª–∏—Ç—å –∏—Ö–Ω–µ –Ω—É–∂–Ω—ã.–° –Ω–∞–∏–ª—É—á—à–∏–º–∏ –ø–æ–∂–µ–ª–∞–Ω–∏—è–º–∏, –∫–æ–º–∞–Ω–¥–∞ –ü–æ—á—Ç—ã Mail.ruCopyright 2020 Mail.ru Group, –ú–æ—Å–∫–≤–∞. –í—Å–µ –ø—Ä–∞–≤–∞ –∑–∞—â–∏—â–µ–Ω—ã."
–£—á–∏–º—Å—è –ø–∏—Å–∞—Ç—å –∫–æ–¥ –Ω–∞ Go,GeekBrains,digest@e.geekbrains.ru,"10 –º–∞—Ä—Ç–∞, 12:19",P.S. –ö–∞–∫ –≤–∞–º –ø–∏—Å—å–º–æ?8-800-700-68-418-800-700-68-41
<–ò–Ω—Å—Ç—Ä—É–∫—Ü–∏—è> –ö–∞–∫ —Ç–µ—Å—Ç–∏—Ä–æ–≤–∞—Ç—å API —Å –ø–æ–º–æ—â—å—é Postman,GeekBrains,digest@e.geekbrains.ru,"5 –º–∞—Ä—Ç–∞, 12:32",P.S. –ö–∞–∫ –≤–∞–º –ø–∏—Å—å–º–æ?8-800-700-68-418-800-700-68-41
–†–∞–∑—ã–≥—Ä—ã–≤–∞–µ–º —ç–ª–µ–∫—Ç—Ä–æ—Å–∞–º–æ–∫–∞—Ç,GeekBrains,digest@e.geekbrains.ru,"3 –º–∞—Ä—Ç–∞, 16:39","P.S. –ù–µ –∂–∞–¥–Ω–∏—á–∞–π—Ç–µ. –î–µ–ª–∏—Ç–µ—Å—å –ø–∏—Å—å–º–æ–º —Å –¥—Ä—É–∑—å—è–º–∏, —É—á–∞—Å—Ç–≤–æ–≤–∞—Ç—å –º–æ–∂–µ—Ç –ª—é–±–æ–π. üòâ8-800-700-68-418-800-700-68-41"
–¢–∞–∫–æ–µ –±—ã–≤–∞–µ—Ç 1 —Ä–∞–∑ –≤ 4 –≥–æ–¥–∞,GeekBrains,digest@e.geekbrains.ru,"28 —Ñ–µ–≤—Ä–∞–ª—è, 16:06",8-800-700-68-418-800-700-68-41
–£—á–∏–º—Å—è —à–∏—Ñ—Ä–æ–≤–∞—Ç—å –ø–æ—á—Ç—É,GeekBrains,digest@e.geekbrains.ru,"26 —Ñ–µ–≤—Ä–∞–ª—è, 12:26",P.S. –ö–∞–∫ –≤–∞–º –ø–∏—Å—å–º–æ?8-800-700-68-418-800-700-68-41
–ü—Ä–æ–≥—Ä–∞–º–º–∏—Ä—É–µ–º —Ä–∞–¥–∏–æ—Å—Ç–∞–Ω—Ü–∏—é —Å –Ω—É–ª—è,GeekBrains,digest@e.geekbrains.ru,"18 —Ñ–µ–≤—Ä–∞–ª—è, 12:34",P.S. –ö–∞–∫ –≤–∞–º –ø–∏—Å—å–º–æ?8-800-700-68-418-800-700-68-41
–û—Ç–Ω–æ—à–µ–Ω–∏—è –Ω–∞ —Ä–∞–±–æ—Ç–µ. –ß—Ç–æ –¥—É–º–∞–µ—Ç–µ?,GeekBrains,digest@e.geekbrains.ru,"14 —Ñ–µ–≤—Ä–∞–ª—è, 16:25",P.S. –ö–∞–∫ –≤–∞–º –ø–∏—Å—å–º–æ?8-800-700-68-418-800-700-68-41
–õ—é–±–æ–≤—å –¥–æ–≤–µ–¥–µ—Ç –≤–∞—Å –¥–æ MacBook Pro,GeekBrains,digest@e.geekbrains.ru,"12 —Ñ–µ–≤—Ä–∞–ª—è, 16:19","P.S. –ù–µ –∂–∞–¥–Ω–∏—á–∞–π—Ç–µ. –î–µ–ª–∏—Ç–µ—Å—å –ø–∏—Å—å–º–æ–º —Å –¥—Ä—É–∑—å—è–º–∏, —É—á–∞—Å—Ç–≤–æ–≤–∞—Ç—å –º–æ–∂–µ—Ç –ª—é–±–æ–π. üòâ8-800-700-68-418-800-700-68-41"
–°–ª–æ–º–∞—Ç—å –ú–∞—Ä–∏–æ,GeekBrains,digest@e.geekbrains.ru,"6 —Ñ–µ–≤—Ä–∞–ª—è, 16:13",P.S. –ö–∞–∫ –≤–∞–º –ø–∏—Å—å–º–æ?8-800-700-68-418-800-700-68-41
–û–±–∑–æ—Ä—ã –Ω–æ–≤–æ—Å—Ç–µ–π: –ø—Ä–æ—â–∞–ª—å–Ω–æ–µ –ø–∏—Å—å–º–æ,Tproger Live,news@tproger.ru,"6 —Ñ–µ–≤—Ä–∞–ª—è, 15:45",
AGILE,GeekBrains,digest@e.geekbrains.ru,"4 —Ñ–µ–≤—Ä–∞–ª—è, 16:25","–ü—Ä–∏–≤–µ—Ç!–°–∫–æ—Ä–æ —Å—Ç–∞—Ä—Ç—É–µ—Ç –æ–±—É—á–µ–Ω–∏–µ–ë–ª–∏–∂–∞–π—à–∏–µ –≤–µ–±–∏–Ω–∞—Ä—ã–ö–∞–∫ —Å—Ç–∞—Ç—å —Ç–µ—Å—Ç–∏—Ä–æ–≤—â–∏–∫–æ–º —Å –Ω—É–ª—è4–§–ï–í–†–ê–õ–Ø, –í–¢
20:00 –ú–°–ö–ï—Å–ª–∏ –≤—ã —Ä–µ—à–∏–ª–∏ —Å—Ç–∞—Ç—å –≤–µ–±-—Ä–∞–∑—Ä–∞–±–æ—Ç—á–∏–∫–æ–º5–§–ï–í–†–ê–õ–Ø, –°–†
20:00 –ú–°–ö–ö–∞–∫ —Å—Ç–∞—Ç—å Android-—Ä–∞–∑—Ä–∞–±–æ—Ç—á–∏–∫–æ–º?6–§–ï–í–†–ê–õ–Ø, –ß–¢
20:00 –ú–°–ö–°–∫–∏–¥–∫–∞ 25%–Ω–∞ —Ñ–∞–∫—É–ª—å—Ç–µ—Ç –∏–Ω—Ñ–æ—Ä–º–∞—Ü–∏–æ–Ω–Ω–æ–π
–±–µ–∑–æ–ø–∞—Å–Ω–æ—Å—Ç–∏–ö–∞–∫ –≤–∞–º –ø–∏—Å—å–º–æ?8-800-700-68-418-800-700-68-41"
–û–±–∑–æ—Ä IT-–Ω–æ–≤–æ—Å—Ç–µ–π 31 —è–Ω–≤–∞—Ä—è,Tproger Live,news@tproger.ru,"31 —è–Ω–≤–∞—Ä—è, 12:25",
–û–±–∑–æ—Ä IT-–Ω–æ–≤–æ—Å—Ç–µ–π 30 —è–Ω–≤–∞—Ä—è,Tproger Live,news@tproger.ru,"30 —è–Ω–≤–∞—Ä—è, 11:57",
–û–±–∑–æ—Ä IT-–Ω–æ–≤–æ—Å—Ç–µ–π 29 —è–Ω–≤–∞—Ä—è,Tproger Live,news@tproger.ru,"29 —è–Ω–≤–∞—Ä—è, 11:58",
–û–±–∑–æ—Ä IT-–Ω–æ–≤–æ—Å—Ç–µ–π 28 —è–Ω–≤–∞—Ä—è,Tproger Live,news@tproger.ru,"28 —è–Ω–≤–∞—Ä—è, 11:12",
üÖ≤üÜàüÖ±üÖ¥üÜÅüÖºüÖæüÖΩüÖ≥üÖ∞üÜà,GeekBrains,digest@e.geekbrains.ru,"27 —è–Ω–≤–∞—Ä—è, 16:34",–ü—Ä–∏–≤–µ—Ç!8-800-700-68-418-800-700-68-41
–û–±–∑–æ—Ä IT-–Ω–æ–≤–æ—Å—Ç–µ–π 27 —è–Ω–≤–∞—Ä—è,Tproger Live,news@tproger.ru,"27 —è–Ω–≤–∞—Ä—è, 13:05",
–û–±–∑–æ—Ä IT-–Ω–æ–≤–æ—Å—Ç–µ–π 24 —è–Ω–≤–∞—Ä—è,Tproger Live,news@tproger.ru,"24 —è–Ω–≤–∞—Ä—è, 12:21",
–í–∞–º –ø—Ä–µ–¥—Å–∫–∞–∑–∞–Ω–∏–µ,GeekBrains,digest@e.geekbrains.ru,"23 —è–Ω–≤–∞—Ä—è, 16:55",–ü—Ä–∏–≤–µ—Ç!–ö—Å—Ç–∞—Ç–∏ –æ–± –∏—Å–∫—É—Å—Å—Ç–≤–µ–Ω–Ω–æ–º –∏–Ω—Ç–µ–ª–ª–µ–∫—Ç–µP. S. –ö–∞–∫ –≤–∞–º –ø–∏—Å—å–º–æ?P. S. –ö–∞–∫ –≤–∞–º –ø–∏—Å—å–º–æ?–û–≥–æ–Ω—å!–û–≥–æ–Ω—å!–ù–µ –æ–≥–æ–Ω—å...–ù–µ –æ–≥–æ–Ω—å...8-800-700-68-418-800-700-68-41
–û–±–∑–æ—Ä IT-–Ω–æ–≤–æ—Å—Ç–µ–π 23 —è–Ω–≤–∞—Ä—è,Tproger Live,news@tproger.ru,"23 —è–Ω–≤–∞—Ä—è, 11:44",
–û–±–∑–æ—Ä IT-–Ω–æ–≤–æ—Å—Ç–µ–π 22 —è–Ω–≤–∞—Ä—è,Tproger Live,news@tproger.ru,"22 —è–Ω–≤–∞—Ä—è, 11:33",
–û–±–∑–æ—Ä IT-–Ω–æ–≤–æ—Å—Ç–µ–π 21 —è–Ω–≤–∞—Ä—è,Tproger Live,news@tproger.ru,"21 —è–Ω–≤–∞—Ä—è, 11:41",
–û–±–∑–æ—Ä IT-–Ω–æ–≤–æ—Å—Ç–µ–π 20 —è–Ω–≤–∞—Ä—è,Tproger Live,news@tproger.ru,"20 —è–Ω–≤–∞—Ä—è, 12:14",
–û–±–∑–æ—Ä IT-–Ω–æ–≤–æ—Å—Ç–µ–π 17 —è–Ω–≤–∞—Ä—è,Tproger Live,news@tproger.ru,"17 —è–Ω–≤–∞—Ä—è, 12:06",
üî• –ò–≥—Ä—ã –¥–ª—è –ø—Ä–æ–≥—Ä–∞–º–º–∏—Å—Ç–æ–≤,GeekBrains,digest@e.geekbrains.ru,"16 —è–Ω–≤–∞—Ä—è, 12:34",–ü—Ä–∏–≤–µ—Ç!P. S. –ö–∞–∫ –≤–∞–º –ø–∏—Å—å–º–æ?P. S. –ö–∞–∫ –≤–∞–º –ø–∏—Å—å–º–æ?–û–≥–æ–Ω—å!–û–≥–æ–Ω—å!–ù–µ –æ–≥–æ–Ω—å...–ù–µ –æ–≥–æ–Ω—å...8-800-700-68-418-800-700-68-41
–û–±–∑–æ—Ä IT-–Ω–æ–≤–æ—Å—Ç–µ–π 16 —è–Ω–≤–∞—Ä—è,Tproger Live,news@tproger.ru,"16 —è–Ω–≤–∞—Ä—è, 11:30",
–û–±–∑–æ—Ä IT-–Ω–æ–≤–æ—Å—Ç–µ–π 15 —è–Ω–≤–∞—Ä—è,Tproger Live,news@tproger.ru,"15 —è–Ω–≤–∞—Ä—è, 12:16",
–ü–æ–¥–∞—Ä–æ–∫ –Ω–∞ –Ω–∞—à –î–µ–Ω—å —Ä–æ–∂–¥–µ–Ω–∏—è,GeekBrains,digest@e.geekbrains.ru,"14 —è–Ω–≤–∞—Ä—è, 16:33",–ü—Ä–∏–≤–µ—Ç!–†–µ–∫–æ–º–µ–Ω–¥—É–µ–º –ª–∏—á–Ω–æ –≤–∞–º8-800-700-68-418-800-700-68-41
–û–±–∑–æ—Ä IT-–Ω–æ–≤–æ—Å—Ç–µ–π 14 —è–Ω–≤–∞—Ä—è,Tproger Live,news@tproger.ru,"14 —è–Ω–≤–∞—Ä—è, 11:48",
–û–±–∑–æ—Ä IT-–Ω–æ–≤–æ—Å—Ç–µ–π 13 —è–Ω–≤–∞—Ä—è,Tproger Live,news@tproger.ru,"13 —è–Ω–≤–∞—Ä—è, 11:50",
–ü—Ä–æ–≥—Ä–∞–º–º–∏—Å—Ç—Å–∫–æ–µ —á—Ç–∏–≤–æ,GeekBrains,digest@e.geekbrains.ru,"10 —è–Ω–≤–∞—Ä—è, 12:45",–ü—Ä–∏–≤–µ—Ç!P. S. –ö–∞–∫ –≤–∞–º –ø–∏—Å—å–º–æ?P. S. –ö–∞–∫ –≤–∞–º –ø–∏—Å—å–º–æ?–û–≥–Ω–∏–≤–æ!–û–≥–Ω–∏–≤–æ!–ù–µ –æ–≥–Ω–∏–≤–æ...–ù–µ –æ–≥–Ω–∏–≤–æ...8-800-700-68-418-800-700-68-41
–û–±–∑–æ—Ä IT-–Ω–æ–≤–æ—Å—Ç–µ–π 10 —è–Ω–≤–∞—Ä—è,Tproger Live,news@tproger.ru,"10 —è–Ω–≤–∞—Ä—è, 11:31",
–û–±–∑–æ—Ä IT-–Ω–æ–≤–æ—Å—Ç–µ–π 9 —è–Ω–≤–∞—Ä—è,Tproger Live,news@tproger.ru,"9 —è–Ω–≤–∞—Ä—è, 11:36",
–û–±–∑–æ—Ä IT-–Ω–æ–≤–æ—Å—Ç–µ–π 8 —è–Ω–≤–∞—Ä—è,Tproger Live,news@tproger.ru,"8 —è–Ω–≤–∞—Ä—è, 11:25",
–û–±–∑–æ—Ä IT-–Ω–æ–≤–æ—Å—Ç–µ–π 7 —è–Ω–≤–∞—Ä—è,Tproger Live,news@tproger.ru,"7 —è–Ω–≤–∞—Ä—è, 11:55",
–ü—Ä–æ—Å—Ç–æ –ø–æ–ª–µ–∑–Ω–æ–µ –ø–∏—Å—å–º–æ,GeekBrains,digest@e.geekbrains.ru,"5 —è–Ω–≤–∞—Ä—è, 16:07",–ü—Ä–∏–≤–µ—Ç!P. S. –ö–∞–∫ –≤–∞–º –ø–∏—Å—å–º–æ?P. S. –ö–∞–∫ –≤–∞–º –ø–∏—Å—å–º–æ?–û–≥–æ–Ω—å!–û–≥–æ–Ω—å!–ù–µ –æ–≥–æ–Ω—å...–ù–µ –æ–≥–æ–Ω—å...8-800-700-68-418-800-700-68-41
–ü–æ—Å–ª–µ–¥–Ω–µ–µ –ø–∏—Å—å–º–æ,–ö–æ–º–∞–Ω–¥–∞ GeekBrains,digest@e.geekbrains.ru,"31 –¥–µ–∫–∞–±—Ä—è 2019, 12:41",–ü—Ä–∏–≤–µ—Ç!–ü—É—Å—Ç—å —É –≤–∞—Å –≤—Å—ë –±—É–¥–µ—Ç —Ö–æ—Ä–æ—à–æ –≤ –Ω–æ–≤–æ–º –≥–æ–¥—É. –ú—ã –≤–∞—Å –æ—á–µ–Ω—å —Ü–µ–Ω–∏–º –∏ –ª—é–±–∏–º. –û—Å—Ç–∞–≤–∞–π—Ç–µ—Å—å –≤–æ—Å—Ö–∏—Ç–∏—Ç–µ–ª—å–Ω—ã–º–∏!–õ—É—á—à–µ–µ –∏–∑ 20198-800-700-68-418-800-700-68-41
–û–±–∑–æ—Ä IT-–Ω–æ–≤–æ—Å—Ç–µ–π 31 –¥–µ–∫–∞–±—Ä—è,Tproger Live,news@tproger.ru,"31 –¥–µ–∫–∞–±—Ä—è 2019, 11:17",
–û–±–∑–æ—Ä IT-–Ω–æ–≤–æ—Å—Ç–µ–π 30 –¥–µ–∫–∞–±—Ä—è,Tproger Live,news@tproger.ru,"30 –¥–µ–∫–∞–±—Ä—è 2019, 11:31",
–ü–æ—Å–ª–µ–¥–Ω–∏–π —à–∞–Ω—Å,GeekBrains,digest@e.geekbrains.ru,"29 –¥–µ–∫–∞–±—Ä—è 2019, 13:09",–ü—Ä–∏–≤–µ—Ç!8-800-700-68-418-800-700-68-41
–£ –≤–∞—Å 159 –ø–∏—Å–µ–º –∑–∞ –≥–æ–¥,–ü–æ—á—Ç–∞ Mail.ru,info@e.mail.ru,"29 –¥–µ–∫–∞–±—Ä—è 2019, 9:45","–ó–¥—Ä–∞–≤—Å—Ç–≤—É–π—Ç–µ!–ü–æ–¥–≤–æ–¥–∏–º –∏—Ç–æ–≥–∏ –≥–æ–¥–∞–£—Ä–∞, —Å–∫–æ—Ä–æ –ù–æ–≤—ã–π –≥–æ–¥!
–ö–∞–∂–µ—Ç—Å—è, —Ç–æ–ª—å–∫–æ –≤—á–µ—Ä–∞ –º—ã –æ—Ç–ø—Ä–∞–≤–ª—è–ª–∏ –≤–∞–º –ø–∏—Å—å–º–æ —Å –∏—Ç–æ–≥–∞–º–∏ –ø—Ä–æ—à–ª–æ–≥–æ –≥–æ–¥–∞, –∏ –≤–æ—Ç —É–∂–µ –ø–∏—à–µ–º –Ω–æ–≤–æ–µ. –ù–∞–¥–µ–µ–º—Å—è, 2019 –ø—Ä–æ—à–µ–ª –æ—Ç–ª–∏—á–Ω–æ, –∏ –∫–∞–∫ –≤—Å–µ–≥–¥–∞ –¥–µ–ª–∏–º—Å—è –≤–∞—à–µ–π —Å—Ç–∞—Ç–∏—Å—Ç–∏–∫–æ–π.–í–æ—Ç —Å–∫–æ–ª—å–∫–æ –ø–∏—Å–µ–º –≤—ã –ø–æ–ª—É—á–∏–ª–∏ –≤ —ç—Ç–æ–º –≥–æ–¥—É:159–ß—Ç–æ –º—ã —Å–¥–µ–ª–∞–ª–∏ –¥–ª—è –≤–∞—Å –≤ 2019–ù–æ–≤–∞—è –ü–æ—á—Ç–∞–ú—ã –æ–±–Ω–æ–≤–∏–ª–∏ –¥–∏–∑–∞–π–Ω, –¥–æ–±–∞–≤–∏–ª–∏ —Ñ—É–Ω–∫—Ü–∏–∏ –∏ —Å–¥–µ–ª–∞–ª–∏ –Ω–æ–≤—ã–µ –ø—Ä–∏–ª–æ–∂–µ–Ω–∏—è. –ü–æ—á—Ç–∞ —Å—Ç–∞–ª–∞ —Å–æ–≤—Ä–µ–º–µ–Ω–Ω–µ–µ, —É–º–Ω–µ–µ –∏ –µ—â–µ –±–µ–∑–æ–ø–∞—Å–Ω–µ–µ, –∏ –≤—Å—ë —Ç–∞–∫ –∂–µ –ø–æ–º–æ–≥–∞–µ—Ç —Å–ø—Ä–∞–≤–ª—è—Ç—å—Å—è —Å –ø–æ–≤—Å–µ–¥–Ω–µ–≤–Ω—ã–º–∏ –¥–µ–ª–∞–º–∏.
–ü–æ–¥—Ä–æ–±–Ω–µ–µ–¶–µ–Ω—Ç—Ä –æ–ø–ª–∞—Ç–ü—Ä–æ—à–ª–æ–µ ‚Äî –æ—á–µ—Ä–µ–¥–∏, –∫–≤–∏—Ç–∞–Ω—Ü–∏–∏, –∫–∞—Å—Å—ã, –±–∞–Ω–∫–æ–º–∞—Ç—ã. –ù–∞—Å—Ç–æ—è—â–µ–µ ‚Äî –ñ–ö–•, –Ω–∞–ª–æ–≥–∏, –∏–Ω—Ç–µ—Ä–Ω–µ—Ç –∏ –¥—Ä—É–≥–∏–µ —É—Å–ª—É–≥–∏ –º–æ–∂–Ω–æ –æ–ø–ª–∞—Ç–∏—Ç—å –≤ –ü–æ—á—Ç–µ. –ü–æ–ø—Ä–æ–±—É–π—Ç–µ!
–ü–æ–¥—Ä–æ–±–Ω–µ–µ–¢–µ–º–Ω–∞—è —Ç–µ–º–∞–ï—Å–ª–∏ –∑–∞—Å–∏–¥–µ–ª–∏—Å—å –¥–æ–ø–æ–∑–¥–Ω–∞, –ø–æ–º–æ–∂–µ—Ç —Ç–µ–º–Ω–∞—è —Ç–µ–º–∞. –û–Ω–∞ –Ω–µ —Å–ª–µ–ø–∏—Ç –≤ —Ç–µ–º–Ω–æ—Ç–µ, –±–µ—Ä–µ–∂–µ—Ç –±–∞—Ç–∞—Ä–µ—é –∏ –ø—Ä–æ—Å—Ç–æ –∫—Ä–∞—Å–∏–≤–æ –≤—ã–≥–ª—è–¥–∏—Ç. –ü–æ–ø—Ä–æ–±—É–π—Ç–µ –≤ –±—Ä–∞—É–∑–µ—Ä–µ –∏ –ø—Ä–∏–ª–æ–∂–µ–Ω–∏–∏.
–ü–æ–¥—Ä–æ–±–Ω–µ–µ–î–ª—è –∑–∞—â–∏—Ç—ã –∞–∫–∫–∞—É–Ω—Ç–∞–°–¥–µ–ª–∞–ª–∏ –ø—Ä–æ–≤–µ—Ä–∫—É –±–µ–∑–æ–ø–∞—Å–Ω–æ—Å—Ç–∏ –∏ —Å–∞–π—Ç –æ –∑–∞—â–∏—Ç–µ –∞–∫–∫–∞—É–Ω—Ç–∞. –í–æ–æ—Ä—É–∂–∞–π—Ç–µ—Å—å ‚Äî –∏ —Å –ø–æ—á—Ç–æ–π –Ω–∏—á–µ–≥–æ –Ω–µ —Å–ª—É—á–∏—Ç—Å—è.
–ü–æ–¥—Ä–æ–±–Ω–µ–µ–ê –µ—â–µ –≤ –ü–æ—á—Ç–µ –ø–æ—è–≤–∏–ª—Å—è –ø–æ–∏—Å–∫ –ø–æ –¥–æ–∫—É–º–µ–Ω—Ç–∞–º, –≥—Ä—É–ø–ø–∏—Ä–æ–≤–∫–∞ –∏ —Ç—Ä–µ–∫–∏–Ω–≥ –∑–∞–∫–∞–∑–æ–≤ –∏ –¥—Ä—É–≥–∏–µ –≤–∞–∂–Ω—ã–µ —Ñ—É–Ω–∫—Ü–∏–∏, –∫–æ—Ç–æ—Ä—ã–µ –ø–æ–º–æ–≥–∞—é—Ç –≤–∞–º –∫–∞–∂–¥—ã–π –¥–µ–Ω—å.
–ß–∏—Ç–∞–π—Ç–µ –æ –Ω–∏—Ö –≤ –Ω–∞—à–µ–º –±–ª–æ–≥–µ.–°–ø–∞—Å–∏–±–æ, —á—Ç–æ –≤—Ö–æ–¥–∏—Ç–µ –≤ –Ω–æ–≤–æ–µ –¥–µ—Å—è—Ç–∏–ª–µ—Ç–∏–µ —Å –Ω–∞–º–∏.
–° –Ω–∞—Å—Ç—É–ø–∞—é—â–∏–º –∏ —Ö–æ—Ä–æ—à–µ–≥–æ –≥–æ–¥–∞ –≤ Mail.ru!–°–ª–µ–¥–∏—Ç–µ –∑–∞ –Ω–∞—à–∏–º–∏ –Ω–æ–≤–æ—Å—Ç—è–º–∏ –≤ –±–ª–æ–≥–µ –ü–æ—á—Ç—ã –∏ —Å–æ—Ü–∏–∞–ª—å–Ω—ã—Ö —Å–µ—Ç—è—Ö:–∏ —Å–æ—Ü–∏–∞–ª—å–Ω—ã—Ö–° –ª—é–±–æ–≤—å—é, –∫–æ–º–∞–Ω–¥–∞ –ü–æ—á—Ç—ã Mail.ru üíô–í—ã –ø–æ–ª—É—á–∏–ª–∏ —ç—Ç–æ –ø–∏—Å—å–º–æ, –ø–æ—Ç–æ–º—É —á—Ç–æ —è–≤–ª—è–µ—Ç–µ—Å—å –ø–æ–ª—å–∑–æ–≤–∞—Ç–µ–ª–µ–º –°–µ—Ä–≤–∏—Å–∞ –ü–æ—á—Ç–∞ Mail.ru –Ω–∞ –æ—Å–Ω–æ–≤–∞–Ω–∏–∏ –ü–æ–ª—å–∑–æ–≤–∞—Ç–µ–ª—å—Å–∫–æ–≥–æ —Å–æ–≥–ª–∞—à–µ–Ω–∏—è.–ü–æ—á—Ç–∞ Mail.ru–Ω–∞ –æ—Å–Ω–æ–≤–∞–Ω–∏–∏Copyright 2019 Mail.ru Group, –ú–æ—Å–∫–≤–∞. –í—Å–µ –ø—Ä–∞–≤–∞ –∑–∞—â–∏—â–µ–Ω—ã."
–ü–æ—Å–ª–µ–¥–Ω–∏–π iPhone –∂–¥–µ—Ç –≤–∞—Å,GeekBrains,digest@e.geekbrains.ru,"28 –¥–µ–∫–∞–±—Ä—è 2019, 12:42",–ù–∞—à–∏ –ø–æ–±–µ–¥–∏—Ç–µ–ª–∏–†–µ–∫–æ–º–µ–Ω–¥—É–µ–º –ª–∏—á–Ω–æ –≤–∞–ºP. S. –ö–∞–∫ –≤–∞–º –ø–∏—Å—å–º–æ?P. S. –ö–∞–∫ –≤–∞–º –ø–∏—Å—å–º–æ?–û–≥–æ–Ω—å!–û–≥–æ–Ω—å!–ù–µ –æ–≥–æ–Ω—å...–ù–µ –æ–≥–æ–Ω—å...8-800-700-68-418-800-700-68-41
–°–∞–º—ã–π –ø–æ—Å–ª–µ–¥–Ω–∏–π —à–∞–Ω—Å,GeekBrains,digest@e.geekbrains.ru,"27 –¥–µ–∫–∞–±—Ä—è 2019, 12:38",–ü—Ä–∏–≤–µ—Ç!–†–µ–∫–æ–º–µ–Ω–¥—É–µ–º –ª–∏—á–Ω–æ –≤–∞–º8-800-700-68-418-800-700-68-41
–û–±–∑–æ—Ä IT-–Ω–æ–≤–æ—Å—Ç–µ–π 27 –¥–µ–∫–∞–±—Ä—è,Tproger Live,news@tproger.ru,"27 –¥–µ–∫–∞–±—Ä—è 2019, 11:06",
–¢–û–ü6 –∫—É—Ä—Å–æ–≤ –¥–ª—è –≤–∞—Å,GeekBrains,digest@e.geekbrains.ru,"26 –¥–µ–∫–∞–±—Ä—è 2019, 16:25",–ü—Ä–∏–≤–µ—Ç!–ê —ç—Ç–æ –¢–û–ü6 –ø—Ä–æ—Ñ–µ—Å—Å–∏–π –∏–º–µ–Ω–Ω–æ –¥–ª—è –≤–∞—ÅP. S. –ö–∞–∫ –≤–∞–º –ø–∏—Å—å–º–æ?P. S. –ö–∞–∫ –≤–∞–º –ø–∏—Å—å–º–æ?–û–≥–æ–Ω—å!–û–≥–æ–Ω—å!–ù–µ –æ–≥–æ–Ω—å...–ù–µ –æ–≥–æ–Ω—å...8-800-700-68-418-800-700-68-41
–û–±–∑–æ—Ä IT-–Ω–æ–≤–æ—Å—Ç–µ–π 26 –¥–µ–∫–∞–±—Ä—è,Tproger Live,news@tproger.ru,"26 –¥–µ–∫–∞–±—Ä—è 2019, 10:30",
–û–±–∑–æ—Ä IT-–Ω–æ–≤–æ—Å—Ç–µ–π 25 –¥–µ–∫–∞–±—Ä—è,Tproger Live,news@tproger.ru,"25 –¥–µ–∫–∞–±—Ä—è 2019, 11:40",
–ò–Ω—Ç–µ—Ä–µ—Å–Ω–∞—è —Å—Ç–∞—Ç–∏—Å—Ç–∏–∫–∞ –ø–æ –∑–∞—Ä–ø–ª–∞—Ç–∞–º,GeekBrains,digest@e.geekbrains.ru,"24 –¥–µ–∫–∞–±—Ä—è 2019, 12:45",–ü—Ä–∏–≤–µ—Ç!2039205 000 —Ä—É–±–ª–µ–π–∑–∞ 18 –º–µ—Å—è—Ü–µ–≤1927165 000 —Ä—É–±–ª–µ–π–∑–∞ 18 –º–µ—Å—è—Ü–µ–≤792175 000 —Ä—É–±–ª–µ–π–∑–∞ 12 –º–µ—Å—è—Ü–µ–≤2073190 000 —Ä—É–±–ª–µ–π–∑–∞ 12 –º–µ—Å—è—Ü–µ–≤2562145 000 —Ä—É–±–ª–µ–π–∑–∞ 12 –º–µ—Å—è—Ü–µ–≤P. S. –ö–∞–∫ –≤–∞–º –ø–∏—Å—å–º–æ?P. S. –ö–∞–∫ –≤–∞–º –ø–∏—Å—å–º–æ?–û–≥–Ω–∏–≤–æ!–û–≥–Ω–∏–≤–æ!–ù–µ –æ–≥–Ω–∏–≤–æ...–ù–µ –æ–≥–Ω–∏–≤–æ...8-800-700-68-418-800-700-68-41
–û–±–∑–æ—Ä IT-–Ω–æ–≤–æ—Å—Ç–µ–π 24 –¥–µ–∫–∞–±—Ä—è,Tproger Live,news@tproger.ru,"24 –¥–µ–∫–∞–±—Ä—è 2019, 11:14",
–û–±–∑–æ—Ä IT-–Ω–æ–≤–æ—Å—Ç–µ–π 23 –¥–µ–∫–∞–±—Ä—è,Tproger Live,news@tproger.ru,"23 –¥–µ–∫–∞–±—Ä—è 2019, 11:15",
–û–±–∑–æ—Ä IT-–Ω–æ–≤–æ—Å—Ç–µ–π 20 –¥–µ–∫–∞–±—Ä—è,Tproger Live,news@tproger.ru,"20 –¥–µ–∫–∞–±—Ä—è 2019, 10:23",
–ï—Å—Ç—å –±–µ—Å–ø–ª–∞—Ç–Ω–æ–µ –æ–±—É—á–µ–Ω–∏–µ. –°–º–æ–∂–µ—Ç–µ –Ω–∞–π—Ç–∏?,GeekBrains,digest@e.geekbrains.ru,"19 –¥–µ–∫–∞–±—Ä—è 2019, 16:57",–ü—Ä–∏–≤–µ—Ç!–í—ã —ç—Ç–æ –≤–∏–¥–µ–ª–∏?–≤ –ø–æ–¥–∞—Ä–æ–∫ –µ—â—ë –æ–¥–∏–Ω–ê –≤–æ—Ç —á—Ç–æ –º—ã –≤–∞–º —Ä–µ–∫–æ–º–µ–Ω–¥—É–µ–º.–°–æ–≤–µ—Ç—É–µ–º –ø–æ—á–∏—Ç–∞—Ç—åP. S. –ö–∞–∫ –≤–∞–º –ø–∏—Å—å–º–æ?P. S. –ö–∞–∫ –≤–∞–º –ø–∏—Å—å–º–æ?–û–≥–Ω–∏–≤–æ!–û–≥–Ω–∏–≤–æ!–ù–µ –æ–≥–Ω–∏–≤–æ...–ù–µ –æ–≥–Ω–∏–≤–æ...8-800-700-68-418-800-700-68-41
GeekBrains,–ï–∫–∞—Ç–µ—Ä–∏–Ω–∞ GeekBrains,ekaterina@app11602.mail-carrotquest.io,"19 –¥–µ–∫–∞–±—Ä—è 2019, 11:15",–ï–∫–∞—Ç–µ—Ä–∏–Ω–∞GeekBrains–í—ã–í—ã–í—ã–í—ã–í—ã–í—ã–í—ã–í—ã–í—ã–í—ã–í—ã–í—ã–í—ã–í—ã–í—ã–í—ã–í—ã–í—ã–í—ã–í—ã–í—ã–í—ã–í—ã–í—ã–í—ã–í—ã–í—ã–í—ã–í—ã–í—ã–í—ã–í—ã–í—ã–í—ã–í—ã–í—ã–í—ã–í—ã–í—ã–í—ã–í—ã–í—ã–í—ã–í—ã–í—ã–í—ã–í—ã–í—ã–í—ã
–û–±–∑–æ—Ä IT-–Ω–æ–≤–æ—Å—Ç–µ–π 19 –¥–µ–∫–∞–±—Ä—è,Tproger Live,news@tproger.ru,"19 –¥–µ–∫–∞–±—Ä—è 2019, 11:00",
–û–±–∑–æ—Ä IT-–Ω–æ–≤–æ—Å—Ç–µ–π 18 –¥–µ–∫–∞–±—Ä—è,Tproger Live,news@tproger.ru,"18 –¥–µ–∫–∞–±—Ä—è 2019, 10:12",
–í–µ—á–µ—Ä–Ω–∏–π –æ–±–∑–æ—Ä IT-–Ω–æ–≤–æ—Å—Ç–µ–π 17 –¥–µ–∫–∞–±—Ä—è,Tproger Live,news@tproger.ru,"17 –¥–µ–∫–∞–±—Ä—è 2019, 20:00",
–û–Ω–∏ —Å–º–æ–≥–ª–∏,GeekBrains,digest@e.geekbrains.ru,"17 –¥–µ–∫–∞–±—Ä—è 2019, 16:36",–ü—Ä–∏–≤–µ—Ç!–ö–∏—Ä–∏–ª–ª –û—Ö–∞–ø–∫–∏–Ω–ï–≤–≥–µ–Ω–∏–π –ö–∏—Ä–∏–ª–ª–æ–≤–ö–æ–Ω—Å—Ç–∞–Ω—Ç–∏–Ω –í–æ—Ä–æ–Ω–∫–æ–≤–•–æ—Ç–∏—Ç–µ –±–æ–ª—å—à–µ –∏—Å—Ç–æ—Ä–∏–π?–†–µ–∫–æ–º–µ–Ω–¥—É–µ–º –ª–∏—á–Ω–æ –≤–∞–º4 —É—Ä–æ–∫–∞ –∞–Ω–≥–ª–∏–π—Å–∫–æ–≥–æ –≤ –ø–æ–¥–∞—Ä–æ–∫8-800-700-68-418-800-700-68-41
–í–µ—á–µ—Ä–Ω–∏–π –æ–±–∑–æ—Ä IT-–Ω–æ–≤–æ—Å—Ç–µ–π 16 –¥–µ–∫–∞–±—Ä—è,Tproger Live,news@tproger.ru,"16 –¥–µ–∫–∞–±—Ä—è 2019, 21:49",
"–ü—Ä–∏–≤–µ—Ç, —è –≤–Ω–æ–≤—å —Å –≤–æ–ø—Ä–æ—Å–æ–º :)",–õ–∏–∑–∞ –∏–∑ GeekBrains,liza@e.geekbrains.ru,"16 –¥–µ–∫–∞–±—Ä—è 2019, 16:26",–ü—Ä–∏–≤–µ—Ç!–ß—Ç–æ –±—É–¥–µ—Ç–µ –¥–µ–ª–∞—Ç—å –Ω–∞ —è–Ω–≤–∞—Ä—Å–∫–∏—Ö –ø—Ä–∞–∑–¥–Ω–∏–∫–∞—Ö?8-800-700-68-418-800-700-68-41
–í–µ—á–µ—Ä–Ω–∏–π –æ–±–∑–æ—Ä IT-–Ω–æ–≤–æ—Å—Ç–µ–π 13 –¥–µ–∫–∞–±—Ä—è,Tproger Live,news@tproger.ru,"13 –¥–µ–∫–∞–±—Ä—è 2019, 20:00",
–í–µ—á–µ—Ä–Ω–∏–π –æ–±–∑–æ—Ä IT-–Ω–æ–≤–æ—Å—Ç–µ–π 12 –¥–µ–∫–∞–±—Ä—è,Tproger Live,news@tproger.ru,"12 –¥–µ–∫–∞–±—Ä—è 2019, 21:08",
‚öîÔ∏è –ù–∞–º –Ω—É–∂–µ–Ω –≥–µ—Ä–æ–π.,GeekBrains,digest@e.geekbrains.ru,"12 –¥–µ–∫–∞–±—Ä—è 2019, 16:24",–ü—Ä–∏–≤–µ—Ç!8-800-700-68-418-800-700-68-41
–í–µ—á–µ—Ä–Ω–∏–π –æ–±–∑–æ—Ä IT-–Ω–æ–≤–æ—Å—Ç–µ–π 11 –¥–µ–∫–∞–±—Ä—è,Tproger Live,news@tproger.ru,"11 –¥–µ–∫–∞–±—Ä—è 2019, 20:03",
–ù–∞—à–∞ —Å–∞–º–∞—è —Å–º–µ–ª–∞—è –∞–∫—Ü–∏—è,GeekBrains,digest@e.geekbrains.ru,"11 –¥–µ–∫–∞–±—Ä—è 2019, 16:15",–ü—Ä–∏–≤–µ—Ç!–°–∞–º–æ–µ –≤—ã–≥–æ–¥–Ω–æ–µ –ø—Ä–µ–¥–ª–æ–∂–µ–Ω–∏–µ –≥–æ–¥–∞!–†–µ–∫–æ–º–µ–Ω–¥—É–µ–º –ª–∏—á–Ω–æ –≤–∞–º–ö–æ–º—É ¬´–¢–µ—Ö–Ω–æ–∫—É–±–æ–∫¬ª?P. S. –ö–∞–∫ –≤–∞–º –ø–∏—Å—å–º–æ?P. S. –ö–∞–∫ –≤–∞–º –ø–∏—Å—å–º–æ?–ü–∏—à–∏—Ç–µ –µ—â–µ!–ü–∏—à–∏—Ç–µ –µ—â–µ!–ù–µ –æ–≥–æ–Ω—å...–ù–µ –æ–≥–æ–Ω—å...8-800-700-68-418-800-700-68-41
–í–µ—á–µ—Ä–Ω–∏–π –æ–±–∑–æ—Ä IT-–Ω–æ–≤–æ—Å—Ç–µ–π 10 –¥–µ–∫–∞–±—Ä—è,Tproger Live,news@tproger.ru,"10 –¥–µ–∫–∞–±—Ä—è 2019, 20:00",
–í–µ—á–µ—Ä–Ω–∏–π –æ–±–∑–æ—Ä IT-–Ω–æ–≤–æ—Å—Ç–µ–π 9 –¥–µ–∫–∞–±—Ä—è,Tproger Live,news@tproger.ru,"9 –¥–µ–∫–∞–±—Ä—è 2019, 20:14",
–ü—Ä–∏–≤–µ—Ç! –ï—Å—Ç—å –º–∏–Ω—É—Ç–∫–∞?,–õ–∏–∑–∞ –∏–∑ GeekBrains,liza@e.geekbrains.ru,"9 –¥–µ–∫–∞–±—Ä—è 2019, 16:20",8-800-700-68-418-800-700-68-41
–û —Ñ–∞–∫—É–ª—å—Ç–µ—Ç–∞—Ö,GeekBrains,digest@e.geekbrains.ru,"7 –¥–µ–∫–∞–±—Ä—è 2019, 12:32",–ü—Ä–æ–≥—Ä–∞–º–º–∏—Ä–æ–≤–∞–Ω–∏–µ–ú–µ–Ω–µ–¥–∂–º–µ–Ω—Ç–î–∏–∑–∞–π–Ω–ú–∞—Ä–∫–µ—Ç–∏–Ω–≥P. S. –ö–∞–∫ –≤–∞–º –ø–∏—Å—å–º–æ?P. S. –ö–∞–∫ –≤–∞–º –ø–∏—Å—å–º–æ?–ü–∏—à–∏—Ç–µ –µ—â–µ!–ü–∏—à–∏—Ç–µ –µ—â–µ!–ù–µ –æ–≥–æ–Ω—å...–ù–µ –æ–≥–æ–Ω—å...8-800-700-68-418-800-700-68-41
–í–µ—á–µ—Ä–Ω–∏–π –æ–±–∑–æ—Ä IT-–Ω–æ–≤–æ—Å—Ç–µ–π 6 –¥–µ–∫–∞–±—Ä—è,Tproger Live,news@tproger.ru,"6 –¥–µ–∫–∞–±—Ä—è 2019, 19:59",
–í–µ—á–µ—Ä–Ω–∏–π –æ–±–∑–æ—Ä IT-–Ω–æ–≤–æ—Å—Ç–µ–π 5 –¥–µ–∫–∞–±—Ä—è,Tproger Live,news@tproger.ru,"5 –¥–µ–∫–∞–±—Ä—è 2019, 21:51",
ùêÜùêÑùêÑùêä ùêåùêéùêëùêéùêô,GeekBrains,digest@e.geekbrains.ru,"5 –¥–µ–∫–∞–±—Ä—è 2019, 16:29",–ü—Ä–∏–≤–µ—Ç!–†–µ–∫–æ–º–µ–Ω–¥—É–µ–º –ª–∏—á–Ω–æ –≤–∞–º–±–µ—Å–ø–ª–∞—Ç–Ω—ã–πP. S. –ö–∞–∫ –≤–∞–º –ø–∏—Å—å–º–æ?P. S. –ö–∞–∫ –≤–∞–º –ø–∏—Å—å–º–æ?–ü–∏—à–∏—Ç–µ –µ—â–µ!–ü–∏—à–∏—Ç–µ –µ—â–µ!–ù–µ –æ–≥–æ–Ω—å...–ù–µ –æ–≥–æ–Ω—å...8-800-700-68-418-800-700-68-41
–ò–∑–º–µ–Ω—ë–Ω –ø–∞—Ä–æ–ª—å –≤ –∞–∫–∫–∞—É–Ω—Ç–µ,–ü–æ—á—Ç–∞ Mail.ru,security@e.mail.ru,"4 –¥–µ–∫–∞–±—Ä—è 2019, 22:31","–ò–∑–º–µ–Ω—ë–Ω –ø–∞—Ä–æ–ª—å –≤ –∞–∫–∫–∞—É–Ω—Ç–µ
 study.ai_172@mail.ru –≤ –∞–∫–∫–∞—É–Ω—Ç–µ–í –∞–∫–∫–∞—É–Ω—Ç–µ study.ai_172@mail.ru –∏–∑–º–µ–Ω–∏–ª–∏ –ø–∞—Ä–æ–ª—å.–ï—Å–ª–∏ –≤—ã —ç—Ç–æ–≥–æ –Ω–µ –¥–µ–ª–∞–ª–∏, –≤–æ—Å—Å—Ç–∞–Ω–æ–≤–∏—Ç–µ –¥–æ—Å—Ç—É–ø.–í—ã –ø–æ–ª—É—á–∏–ª–∏ —ç—Ç–æ –ø–∏—Å—å–º–æ, –ø–æ—Ç–æ–º—É —á—Ç–æ —è–≤–ª—è–µ—Ç–µ—Å—å –ø–æ–ª—å–∑–æ–≤–∞—Ç–µ–ª–µ–º –°–µ—Ä–≤–∏—Å–∞ –ü–æ—á—Ç–∞ Mail‚Äå.ru –Ω–∞ –æ—Å–Ω–æ–≤–∞–Ω–∏–∏ –ü–æ–ª—å–∑–æ–≤–∞—Ç–µ–ª—å—Å–∫–æ–≥–æ —Å–æ–≥–ª–∞—à–µ–Ω–∏—è.‚ÄåCopyright 2019 Mail‚Äå.ru Group, –ú–æ—Å–∫–≤–∞ ‚Äî –í—Å–µ –ø—Ä–∞–≤–∞ –∑–∞—â–∏—â–µ–Ω—ã.‚Äå–°–ª—É–∂–±–∞ –ø–æ–¥–¥–µ—Ä–∂–∫–∏"
–í–∞—à —è—â–∏–∫ —Ä–∞–∑–±–ª–æ–∫–∏—Ä–æ–≤–∞–Ω,–ö–æ–º–∞–Ω–¥–∞ –ü–æ—á—Ç—ã Mail.ru,welcome@corp.mail.ru,"4 –¥–µ–∫–∞–±—Ä—è 2019, 22:31","  –ó–¥—Ä–∞–≤—Å—Ç–≤—É–π—Ç–µ!
 
 
  –î–æ—Å—Ç—É–ø –∫ –≤–∞—à–µ–π –ø–æ—á—Ç–µ –≤–æ—Å—Å—Ç–∞–Ω–æ–≤–ª–µ–Ω
 
  –°–ª–µ–¥—É–π—Ç–µ –ø—Ä–æ—Å—Ç—ã–º –ø—Ä–∞–≤–∏–ª–∞–º, –∏ –≤–∞—à –ø–æ—á—Ç–æ–≤—ã–π —è—â–∏–∫ –±—É–¥–µ—Ç –≤ –±–µ–∑–æ–ø–∞—Å–Ω–æ—Å—Ç–∏.
 
 
 
 
 
   
  –ù–µ –∏—Å–ø–æ–ª—å–∑—É–π—Ç–µ –ø–∞—Ä–æ–ª—å –æ—Ç –ø–æ—á—Ç—ã –ø—Ä–∏ —Ä–µ–≥–∏—Å—Ç—Ä–∞—Ü–∏–∏ –≤ –¥—Ä—É–≥–∏—Ö —Å–µ—Ä–≤–∏—Å–∞—Ö.
 
   
 
  –ù–∏–∫–æ–≥–¥–∞ –Ω–µ –∏—Å–ø–æ–ª—å–∑—É–π—Ç–µ –ø–∞—Ä–æ–ª—å –æ—Ç –ø–æ—á—Ç—ã –ø—Ä–∏ —Ä–µ–≥–∏—Å—Ç—Ä–∞—Ü–∏–∏ –Ω–∞ —Ä–∞–∑–Ω—ã—Ö —Å–∞–π—Ç–∞—Ö, —Ç–∞–∫ –∫–∞–∫ –∑–ª–æ—É–º—ã—à–ª–µ–Ω–Ω–∏–∫–∏ –ª–µ–≥–∫–æ –º–æ–≥—É—Ç –µ–≥–æ –∑–∞–ø–æ–ª—É—á–∏—Ç—å. –ü–∞—Ä–æ–ª—å –¥–ª—è –ø–æ—á—Ç—ã –¥–æ–ª–∂–µ–Ω –±—ã—Ç—å —É–Ω–∏–∫–∞–ª—å–Ω—ã–º –∏ –∂–µ–ª–∞—Ç–µ–ª—å–Ω–æ —Å–ª–æ–∂–Ω—ã–º. –ß–µ–º –±–æ–ª—å—à–µ —Ä–∞–∑–Ω—ã—Ö –±—É–∫–≤, —Ü–∏—Ñ—Ä –∏ —Å–∏–º–≤–æ–ª–æ–≤ –≤—ã –±—É–¥–µ—Ç–µ –∏—Å–ø–æ–ª—å–∑–æ–≤–∞—Ç—å –¥–ª—è –≤–∞—à–µ–≥–æ –ø–∞—Ä–æ–ª—è –∫ –ø–æ—á—Ç–µ, —Ç–µ–º —Å–ª–æ–∂–Ω–µ–µ –µ–≥–æ –±—É–¥–µ—Ç –≤–∑–ª–æ–º–∞—Ç—å. –ï—Å–ª–∏ –≤–∞—à –ø–∞—Ä–æ–ª—å –∏—Å–ø–æ–ª—å–∑—É–µ—Ç—Å—è –≤–∞–º–∏ –Ω–∞ –¥—Ä—É–≥–∏—Ö —Å–∞–π—Ç–∞—Ö –∏–ª–∏ –æ–Ω –ø—Ä–æ—Å—Ç–æ–π ‚Äî —Å–º–µ–Ω–∏—Ç–µ –µ–≥–æ –ø—Ä—è–º–æ —Å–µ–π—á–∞—Å!
   –°–º–µ–Ω–∏—Ç—å –ø–∞—Ä–æ–ª—å 
 
 
   
   
  –ü–æ–ª—å–∑—É–π—Ç–µ—Å—å –∞–Ω–æ–Ω–∏–º–Ω—ã–º–∏ –∞–¥—Ä–µ—Å–∞–º–∏ –¥–ª—è —Ä–µ–≥–∏—Å—Ç—Ä–∞—Ü–∏–∏ –Ω–∞ —Ä–∞–∑–Ω—ã—Ö —Å–∞–π—Ç–∞—Ö.
 
   
 
  –ê–Ω–æ–Ω–∏–º–∞–π–∑–µ—Ä Mail.ru ‚Äî —Å–µ—Ä–≤–∏—Å —Å–æ–∑–¥–∞–Ω–∏—è –¥–æ–ø–æ–ª–Ω–∏—Ç–µ–ª—å–Ω—ã—Ö –ø–æ—á—Ç–æ–≤—ã—Ö —è—â–∏–∫–æ–≤. –î–∞–∂–µ –µ—Å–ª–∏ –∑–ª–æ—É–º—ã—à–ª–µ–Ω–Ω–∏–∫ —É–∫—Ä–∞–¥–µ—Ç –±–∞–∑—É –ø–æ–ª—å–∑–æ–≤–∞—Ç–µ–ª–µ–π –∏–≥—Ä—ã –∏–ª–∏ –¥—Ä—É–≥–æ–≥–æ —Å–∞–π—Ç–∞, –≤–∞—à –æ—Å–Ω–æ–≤–Ω–æ–π –ª–æ–≥–∏–Ω –∏ –ø–∞—Ä–æ–ª—å –∫ –ø–æ—á—Ç–µ –±—É–¥—É—Ç –≤ –±–µ–∑–æ–ø–∞—Å–Ω–æ—Å—Ç–∏.
   –£–∑–Ω–∞—Ç—å –ø–æ–¥—Ä–æ–±–Ω–µ–µ 
 
 
   
  –ü–æ–¥–¥–µ—Ä–∂–∏–≤–∞–π—Ç–µ –∞–∫—Ç—É–∞–ª—å–Ω—ã–º –º–æ–±–∏–ª—å–Ω—ã–π —Ç–µ–ª–µ—Ñ–æ–Ω.
 
   
 
  –° –ø–æ–º–æ—â—å—é –ø—Ä–∏–≤—è–∑–∞–Ω–Ω–æ–≥–æ –º–æ–±–∏–ª—å–Ω–æ–≥–æ —Ç–µ–ª–µ—Ñ–æ–Ω–∞ –≤—ã —Å–º–æ–∂–µ—Ç–µ –æ—á–µ–Ω—å –±—ã—Å—Ç—Ä–æ –≤–æ—Å—Å—Ç–∞–Ω–æ–≤–∏—Ç—å –¥–æ—Å—Ç—É–ø –∫ –ø–æ—á—Ç–µ –∏–ª–∏ –∑–∞–±—ã—Ç—ã–π –ø–∞—Ä–æ–ª—å, –Ω–µ –æ–±—Ä–∞—â–∞—è—Å—å –≤ —Å–ª—É–∂–±—É –ø–æ–¥–¥–µ—Ä–∂–∫–∏. –¢–µ–ª–µ—Ñ–æ–Ω –±—É–¥–µ—Ç –∏—Å–ø–æ–ª—å–∑–æ–≤–∞—Ç—å—Å—è —Ç–æ–ª—å–∫–æ –¥–ª—è –≤–æ—Å—Å—Ç–∞–Ω–æ–≤–ª–µ–Ω–∏—è –¥–æ—Å—Ç—É–ø–∞, –Ω–∏–∫–∞–∫–∏—Ö —Ä–∞—Å—Å—ã–ª–æ–∫ –≤—ã –ø–æ–ª—É—á–∞—Ç—å –Ω–µ –±—É–¥–µ—Ç–µ.
   –ê–∫—Ç—É–∞–ª–∏–∑–∏—Ä–æ–≤–∞—Ç—å –º–æ–±–∏–ª—å–Ω—ã–π —Ç–µ–ª–µ—Ñ–æ–Ω 
 
 
   
  –î–æ–≤–µ—Ä—è–π, –Ω–æ –ø—Ä–æ–≤–µ—Ä—è–π!
–£–±–µ–¥–∏—Ç–µ—Å—å, —á—Ç–æ –ø–∏—Å—å–º–æ –Ω–∞—Å—Ç–æ—è—â–µ–µ.
 
   
 
  –ï—Å–ª–∏ –≤–∞–º –ø—Ä–∏—à–ª–æ –ø–∏—Å—å–º–æ –æ—Ç –∫–æ–º–∞–Ω–¥—ã Mail.ru, –æ–±—è–∑–∞—Ç–µ–ª—å–Ω–æ –ø—Ä–æ–≤–µ—Ä—å—Ç–µ, —á—Ç–æ–±—ã –∞–¥—Ä–µ—Å –∑–∞–∫–∞–Ω—á–∏–≤–∞–ª—Å—è –Ω–∞ @corp.mail.ru, –Ω–∞–ø—Ä–∏–º–µ—Ä news@corp.mail.ru.
–û–¥–∏–Ω –∏–∑ —Å–∞–º—ã—Ö —Ä–∞—Å–ø—Ä–æ—Å—Ç—Ä–∞–Ω–µ–Ω–Ω—ã—Ö —Å–ø–æ—Å–æ–±–æ–≤ –ø–æ—Ç–µ—Ä—è—Ç—å –¥–æ—Å—Ç—É–ø –∫ –ø–æ—á—Ç–µ ‚Äî –ø–µ—Ä–µ–π—Ç–∏ –ø–æ —Å—Å—ã–ª–∫–µ –≤ —Ñ–∏—à–∏–Ω–≥–æ–≤–æ–º –ø–∏—Å—å–º–µ.
–ù–µ –ø–æ–¥–¥–∞–≤–∞–π—Ç–µ—Å—å –Ω–∞ –ø—Ä–æ–≤–æ–∫–∞—Ü–∏–∏!
 
 
   
  –ß–∏—Ç–∞–π—Ç–µ –±–æ–ª—å—à–µ –æ –±–µ–∑–æ–ø–∞—Å–Ω–æ—Å—Ç–∏
–Ω–∞ security.mail.ru
 
 
   
 
 
  –°–ª–µ–¥–∏—Ç–µ –∑–∞ –Ω–∞—à–∏–º–∏ –Ω–æ–≤–æ—Å—Ç—è–º–∏ –≤ –±–ª–æ–≥–µ –ü–æ—á—Ç—ã
–∏ —Å–æ—Ü–∏–∞–ª—å–Ω—ã—Ö —Å–µ—Ç—è—Ö:
 
   
   
  –° –Ω–∞–∏–ª—É—á—à–∏–º–∏ –ø–æ–∂–µ–ª–∞–Ω–∏—è–º–∏, –∫–æ–º–∞–Ω–¥–∞ –ü–æ—á—Ç—ã Mail.ru
 
  –û—Ç–ø–∏—Å–∞—Ç—å—Å—è –æ—Ç —Ä–∞—Å—Å—ã–ª–∫–∏  ‚Ä¢  –°–ª—É–∂–±–∞ –ø–æ–¥–¥–µ—Ä–∂–∫–∏
Mail.ru Group, –ú–æ—Å–∫–≤–∞ ‚Äî –í—Å–µ –ø—Ä–∞–≤–∞ –∑–∞—â–∏—â–µ–Ω—ã.
 
   
 
 
 "
–í–µ—á–µ—Ä–Ω–∏–π –æ–±–∑–æ—Ä IT-–Ω–æ–≤–æ—Å—Ç–µ–π 4 –¥–µ–∫–∞–±—Ä—è,Tproger Live,news@tproger.ru,"4 –¥–µ–∫–∞–±—Ä—è 2019, 21:18",
